drug_1,drug_2,interaction
aciclovir,valaciclovir,0
aciclovir,penciclovir,0
aciclovir,famciclovir,0
aciclovir,idoxuridine,0
aciclovir,trifluridine,0
aciclovir,ganciclovir,0
aciclovir,foscarnet,0
aciclovir,cidofovir,0
valaciclovir,penciclovir,0
valaciclovir,famciclovir,0
valaciclovir,idoxuridine,0
valaciclovir,trifluridine,0
valaciclovir,ganciclovir,0
valaciclovir,foscarnet,0
valaciclovir,cidofovir,0
penciclovir,famciclovir,0
penciclovir,idoxuridine,0
penciclovir,trifluridine,0
penciclovir,ganciclovir,0
penciclovir,foscarnet,0
penciclovir,cidofovir,0
famciclovir,idoxuridine,0
famciclovir,trifluridine,0
famciclovir,ganciclovir,0
famciclovir,foscarnet,0
famciclovir,cidofovir,0
idoxuridine,trifluridine,0
idoxuridine,ganciclovir,0
idoxuridine,foscarnet,0
idoxuridine,cidofovir,0
trifluridine,ganciclovir,0
trifluridine,foscarnet,0
trifluridine,cidofovir,0
ganciclovir,foscarnet,0
ganciclovir,cidofovir,0
foscarnet,cidofovir,0
D-cycloserine,lidocaine,0
vincristine,cyclophosphamide,1
vincristine,actinomycin-D,1
cyclophosphamide,actinomycin-D,1
cyclophosphamide,vincristine,1
cyclophosphamide,prednisolone,1
cyclophosphamide,adriamycin,1
vincristine,prednisolone,1
vincristine,adriamycin,1
prednisolone,adriamycin,1
propranolol,amiodarone,0
Curcumin,Somatostatin,1
Curcumin,Quercetin,1
Somatostatin,Quercetin,1
moxifloxacin,tobramycin,1
cetuximab,nystatin,1
cetuximab,cetuximab,0
cetuximab,cetuximab,0
nystatin,cetuximab,0
nystatin,cetuximab,0
cetuximab,cetuximab,0
chenodeoxycholic,simvastatin,1
Paclitaxel,paclitaxel,0
Paclitaxel,anthracyclines,0
paclitaxel,anthracyclines,1
anastrozole,exemestane,0
anastrozole,letrozole,0
anastrozole,tamoxifen,0
exemestane,letrozole,0
exemestane,tamoxifen,0
letrozole,tamoxifen,0
rapamycin,doxorubicin,0
rapamycin,paclitaxel,0
rapamycin,MIS,1
rapamycin,AzadC,0
doxorubicin,paclitaxel,0
doxorubicin,MIS,1
doxorubicin,AzadC,0
paclitaxel,MIS,0
paclitaxel,AzadC,0
MIS,AzadC,1
ifosfamide,etoposide,0
paclitaxel,bevacizumab,1
topotecan,cladribine,0
topotecan,topotecan,0
cladribine,topotecan,1
cyclosporine,infliximab,0
curcumin,metformin,0
brodalumab,ustekinumab,0
mycophenolate,cyclophosphamide,0
mycophenolate,corticosteroids,1
mycophenolate,mofetil,0
cyclophosphamide,corticosteroids,1
cyclophosphamide,mofetil,0
corticosteroids,mofetil,1
cyclophosphamide,mitoxantrone,1
cyclophosphamide,paclitaxel,1
mitoxantrone,paclitaxel,1
flutamide,bicalutamide,1
paclitaxel,trastuzumab,1
aspirin,clopidogrel,1
apalutamide,enzalutamide,0
apalutamide,ADT,1
enzalutamide,ADT,1
betamethasone,beclomethasone,0
betamethasone,beclomethasone,0
betamethasone,methylprednisolone,0
betamethasone,budesonide,0
beclomethasone,beclomethasone,0
beclomethasone,methylprednisolone,0
beclomethasone,budesonide,0
beclomethasone,methylprednisolone,0
beclomethasone,budesonide,0
methylprednisolone,budesonide,0
Ixazomib,Fulvestrant,1
Ixazomib,Fulvestrant,0
Fulvestrant,Fulvestrant,0
Trastuzumab,Lapatinib,0
alemtuzumab,rituximab,1
alemtuzumab,alemtuzumab,0
rituximab,alemtuzumab,0
docetaxel,doxorubicin,0
docetaxel,paclitaxel,0
doxorubicin,paclitaxel,0
lidocaine,oxybutynin,0
risedronate,risedronate,0
risedronate,atorvastatin,0
risedronate,atorvastatin,1
ozogamicin,blinatumomab,0
bevacizumab,capecitabine,1
paclitaxel,carboplatin,1
exemestane,megestrol,0
exemestane,tamoxifen,0
megestrol,tamoxifen,0
clopidogrel,prasugrel,0
clopidogrel,ticagrelor,0
prasugrel,ticagrelor,0
ramucirumab,dacarbazine,1
ramucirumab,ramucirumab,0
dacarbazine,ramucirumab,0
apigenin,cyclophosphamide,1
apigenin,doxorubicin,1
cyclophosphamide,doxorubicin,0
romidepsin,pralatrexate,0
romidepsin,vedotin,0
pralatrexate,vedotin,0
docetaxel,platinum,1
docetaxel,fluorouracil,0
platinum,fluorouracil,0
Gemcitabine,cyclosporine,1
Gemcitabine,tacrolimus,1
cyclosporine,tacrolimus,0
Erythropoietin,trastuzumab,0
paclitaxel,ifosfamide,0
clarithromycin,rifabutin,0
clarithromycin,clofazimine,0
clarithromycin,streptomycin,0
clarithromycin,moxifloxacin,0
rifabutin,clofazimine,0
rifabutin,streptomycin,0
rifabutin,moxifloxacin,0
clofazimine,streptomycin,0
clofazimine,moxifloxacin,0
streptomycin,moxifloxacin,0
sorafenib,erlotinib,0
adalimumab,infliximab,0
bendamustine,chlorambucil,0
diclofenac,octreotide,1
Caspofungin,amphotericin,1
meglumine,allopurinol,0
meglumine,amphotericin,0
meglumine,meglumine,0
meglumine,allopurinol,0
meglumine,antimoniate,0
allopurinol,amphotericin,1
allopurinol,meglumine,0
allopurinol,allopurinol,0
allopurinol,antimoniate,1
amphotericin,meglumine,0
amphotericin,allopurinol,0
amphotericin,antimoniate,1
meglumine,allopurinol,1
meglumine,antimoniate,0
allopurinol,antimoniate,0
Haloperidol,carbamazepine,1
quinidine,verapamil,1
azithromycin,cefuroxime,0
epirubicin,cyclophosphamide,1
palbociclib,letrozole,1
estramustine,cyproterone,1
estramustine,bromocriptine,0
estramustine,estrogens,0
cyproterone,bromocriptine,0
cyproterone,estrogens,0
bromocriptine,estrogens,1
halothane,succinylcholine,1
Mitomycin,vinblastine,1
olmesartan,azelnidipine,1
methotrexate,cyclophosphamide,1
methotrexate,prednisone,1
methotrexate,5-fluorouracil,1
cyclophosphamide,prednisone,1
cyclophosphamide,5-fluorouracil,1
prednisone,5-fluorouracil,1
sorafenib,sorafenib,0
sorafenib,everolimus,0
sorafenib,everolimus,1
succinylcholine,pancuronium,0
amprolium,diclazuril,0
amprolium,clopidol,0
diclazuril,clopidol,0
lidocaine,dexamethasone,1
lidocaine,cystodistention,1
dexamethasone,cystodistention,1
omega-3,niacin,1
omega-3,colesevelam hydrochloride,1
omega-3,ezetimibe,1
omega-3,simvastatin,1
niacin,colesevelam hydrochloride,1
niacin,ezetimibe,1
niacin,simvastatin,1
colesevelam hydrochloride,ezetimibe,1
colesevelam hydrochloride,simvastatin,1
ezetimibe,simvastatin,1
irinotecan,folinic acid,1
irinotecan,fluorouracil,1
irinotecan,fluorouracil,1
irinotecan,bevacizumab,1
folinic acid,fluorouracil,1
folinic acid,fluorouracil,1
folinic acid,bevacizumab,1
fluorouracil,fluorouracil,1
fluorouracil,bevacizumab,1
fluorouracil,bevacizumab,1
vinorelbine,carboplatin,1
Dexamethasone,paclitaxel,1
palbociclib,ribociclib,0
palbociclib,abemaciclib,0
ribociclib,abemaciclib,0
Flunarizine,diltiazem,0
amphotericin,itraconazole,1
amphotericin,itraconazole,0
amphotericin,itraconazole,0
itraconazole,itraconazole,0
itraconazole,itraconazole,0
itraconazole,itraconazole,0
inotuzumab,ozogamicin,0
inotuzumab,rituximab,1
inotuzumab,HDT-aSCT,1
ozogamicin,rituximab,0
ozogamicin,HDT-aSCT,0
rituximab,HDT-aSCT,1
methylprednisolone,mycophenolate,1
methylprednisolone,immunoglobulin,1
mycophenolate,immunoglobulin,1
moclobemide,mianserin,0
epinephrine,clonidine,0
ATGAM,tacrolimus,1
ATGAM,steroids,0
ATGAM,cyclosporine,0
tacrolimus,steroids,0
tacrolimus,cyclosporine,0
steroids,cyclosporine,0
pertuzumab,trastuzumab,1
pertuzumab,docetaxel,1
trastuzumab,docetaxel,0
enoxaparin,heparin,0
ibuprofen,S-flurbiprofen,0
ibuprofen,salicylic acid,0
ibuprofen,phenylbutazone,0
ibuprofen,β-cyclodextrins,1
S-flurbiprofen,salicylic acid,0
S-flurbiprofen,phenylbutazone,0
S-flurbiprofen,β-cyclodextrins,1
salicylic acid,phenylbutazone,0
salicylic acid,β-cyclodextrins,0
phenylbutazone,β-cyclodextrins,1
ifosfamide,etoposide,1
Esomeprazole,omeprazole,0
vasopressin,oxytocin,0
alkylating agents,fludarabine,1
alkylating agents,cladribine,1
fludarabine,cladribine,0
trazodone,amitriptyline,0
trazodone,ethanol,1
trazodone,placebo,0
amitriptyline,ethanol,1
amitriptyline,placebo,0
ethanol,placebo,1
5-fluorouracil/leucovorin,irinotecan,1
5-fluorouracil/leucovorin,bevacizumab,1
irinotecan,bevacizumab,1
imatinib,irinotecan,1
imatinib,5‑Fu,1
irinotecan,5‑Fu,0
ifosfamide,cyclophosphamide,0
fluoropyrimidine,oxaliplatin,1
fluoropyrimidine,irinotecan,1
oxaliplatin,irinotecan,0
etoposide,vincristine,0
etoposide,etoposide,0
vincristine,etoposide,0
nivolumab,ipilimumab,1
nivolumab,cabozantinib,1
ipilimumab,cabozantinib,1
piperacillin,netilmicin,1
docetaxel,docetaxel,0
docetaxel,thalidomide,0
docetaxel,thalidomide,1
nicotine,bupropion,0
nicotine,varenicline,0
bupropion,varenicline,0
methotrexate,cyclosporin,0
trametinib,cobimetinib,0
ampicillin,tetracycline,0
ampicillin,streptomycin,0
ampicillin,chloramphenicol,0
tetracycline,streptomycin,0
tetracycline,chloramphenicol,0
streptomycin,chloramphenicol,0
bortezomib,pemetrexed,0
bortezomib,cisplatin,0
pemetrexed,cisplatin,1
thalidomide,cyclosporine,1
streptomycin,kanamycin,0
streptomycin,gentamicin,0
streptomycin,ampicillin,0
streptomycin,novobiocin,0
kanamycin,gentamicin,0
kanamycin,ampicillin,0
kanamycin,novobiocin,0
gentamicin,ampicillin,0
gentamicin,novobiocin,0
ampicillin,novobiocin,0
yohimbine,propranolol,0
yohimbine,fasudil,0
yohimbine,yohimbine,0
yohimbine,propranolol,0
yohimbine,fasudil,0
propranolol,fasudil,0
propranolol,yohimbine,0
propranolol,propranolol,0
propranolol,fasudil,0
fasudil,yohimbine,0
fasudil,propranolol,0
fasudil,fasudil,0
yohimbine,propranolol,0
yohimbine,fasudil,0
propranolol,fasudil,0
nicotine,clozapine,1
nicotine,saline,1
clozapine,saline,1
cetuximab,irinotecan,0
irinotecan,oxaliplatin,0
irinotecan,taxane,0
irinotecan,cisplatin,1
irinotecan,5-FU,1
oxaliplatin,taxane,0
oxaliplatin,cisplatin,1
oxaliplatin,5-FU,1
taxane,cisplatin,1
taxane,5-FU,1
cisplatin,5-FU,1
Gemcitabine,Epirubicin,0
enalapril,lovastatin,1
enalapril,puromycin,0
lovastatin,puromycin,0
fosfomycin,vancomycin,1
fosfomycin,teicoplanin,1
vancomycin,teicoplanin,0
mitomycin,tamoxifen,1
mitomycin,UFT,1
tamoxifen,UFT,1
cyclosporine,methotrexate,1
cyclosporine,mycophenolate,1
methotrexate,mycophenolate,0
Propranolol,propranolol,0
Propranolol,lacidipine,1
propranolol,lacidipine,0
vincristine,doxorubicin,1
vincristine,cyclophosphamide,1
vincristine,actinomycin,1
vincristine,cisplatin,1
doxorubicin,cyclophosphamide,1
doxorubicin,actinomycin,1
doxorubicin,cisplatin,1
cyclophosphamide,actinomycin,1
cyclophosphamide,cisplatin,1
actinomycin,cisplatin,1
nicotine,haloperidol,0
tacrolimus,ganciclovir,0
gemcitabine,gemcitabine,0
gemcitabine,bevacizumab,0
gemcitabine,cetuximab,0
gemcitabine,bevacizumab,1
gemcitabine,cetuximab,1
bevacizumab,cetuximab,0
Gemcitabine,leucovorin,0
Gemcitabine,oxaliplatin,0
Gemcitabine,irinotecan,0
leucovorin,oxaliplatin,0
leucovorin,irinotecan,0
oxaliplatin,irinotecan,0
ampicillin,chloramphenicol,0
ampicillin,ampicillin,0
ampicillin,penicillin,1
ampicillin,penicillin,0
chloramphenicol,ampicillin,1
chloramphenicol,penicillin,0
chloramphenicol,penicillin,1
ampicillin,penicillin,0
ampicillin,penicillin,0
penicillin,penicillin,0
nifedipine,hydralazine,0
Bendamustine,rituximab,1
gefitinib,topotecan,0
gefitinib,SN-38,0
gefitinib,mitoxantrone,0
gefitinib,topotecan,0
topotecan,SN-38,0
topotecan,mitoxantrone,0
topotecan,topotecan,0
SN-38,mitoxantrone,0
SN-38,topotecan,0
mitoxantrone,topotecan,0
vincristine,cyclophosphamide,1
vincristine,methotrexate,1
vincristine,5-fluorouracil,1
vincristine,adriamycin,1
vincristine,prednisolone,1
cyclophosphamide,methotrexate,1
cyclophosphamide,5-fluorouracil,1
cyclophosphamide,adriamycin,1
cyclophosphamide,prednisolone,1
methotrexate,5-fluorouracil,1
methotrexate,adriamycin,1
methotrexate,prednisolone,1
5-fluorouracil,adriamycin,1
5-fluorouracil,prednisolone,1
adriamycin,prednisolone,1
cetuximab,mitoxantrone,1
cetuximab,prednisone,1
cetuximab,docetaxel,0
mitoxantrone,prednisone,1
mitoxantrone,docetaxel,0
prednisone,docetaxel,0
imipramine,fluoxetine,1
endostatin,nedaplatin,1
endostatin,Endostatin,0
nedaplatin,Endostatin,0
erythropoietin,iron,1
erythropoietin,aprotinin,1
iron,aprotinin,1
heparin,cortisone,1
heparin,cortisone,0
cortisone,cortisone,0
theophylline,somatostatin,0
bevacizumab,capecitabine,1
bevacizumab,bevacizumab,0
bevacizumab,capecitabine,0
bevacizumab,oxaliplatin,0
bevacizumab,bevacizumab,0
capecitabine,bevacizumab,0
capecitabine,capecitabine,0
capecitabine,oxaliplatin,0
capecitabine,bevacizumab,0
bevacizumab,capecitabine,1
bevacizumab,oxaliplatin,1
bevacizumab,bevacizumab,0
capecitabine,oxaliplatin,1
capecitabine,bevacizumab,0
oxaliplatin,bevacizumab,0
pioglitazone,lanreotide,0
pioglitazone,S-trans-trans-farnesylthiosalicylic,0
lanreotide,S-trans-trans-farnesylthiosalicylic,0
Etoposide,prednisone,1
Rosuvastatin,ezetimibe,1
Rosuvastatin,simvastatin,0
Rosuvastatin,ezetimibe,0
Rosuvastatin,atorvastatin,0
Rosuvastatin,ezetimibe,0
ezetimibe,simvastatin,0
ezetimibe,ezetimibe,0
ezetimibe,atorvastatin,0
ezetimibe,ezetimibe,0
simvastatin,ezetimibe,1
simvastatin,atorvastatin,0
simvastatin,ezetimibe,0
ezetimibe,atorvastatin,0
ezetimibe,ezetimibe,0
atorvastatin,ezetimibe,1
Olmesartan,Amlodipine,1
Olmesartan,Hydrochlorothiazide,1
Olmesartan,olmesartan,0
Olmesartan,amlodipine,0
Olmesartan,hydrochlorothiazide,0
Amlodipine,Hydrochlorothiazide,1
Amlodipine,olmesartan,0
Amlodipine,amlodipine,0
Amlodipine,hydrochlorothiazide,0
Hydrochlorothiazide,olmesartan,0
Hydrochlorothiazide,amlodipine,0
Hydrochlorothiazide,hydrochlorothiazide,0
olmesartan,amlodipine,0
olmesartan,hydrochlorothiazide,0
amlodipine,hydrochlorothiazide,0
chlortetracycline,sulfamethazine,1
chlortetracycline,penicillin,1
sulfamethazine,penicillin,1
gentamicin,erythromycin,0
vasopressin,oxytocin,0
bismuth,clarithromycin,0
5-Fluorouracil,leucovorin,1
5-Fluorouracil,oxaliplatin,1
leucovorin,oxaliplatin,1
chloral hydrate,hydroxyzine,1
chloral hydrate,methadone,1
hydroxyzine,methadone,1
axitinib,sunitinib,0
axitinib,vandetanib,0
sunitinib,vandetanib,0
fenofibrate,atorvastatin,1
linezolid,daptomycin,0
chlorhexidine,benzalkonium,0
chlorhexidine,piperazine,0
benzalkonium,piperazine,0
anidulafungin,amphotericin,0
erythromycin,tylosin,0
Bevacizumab,erlotinib,1
paclitaxel,gemcitabine,1
warfarin,rivaroxaban,0
warfarin,rivaroxaban,0
rivaroxaban,rivaroxaban,0
capecitabine,tegafur,1
capecitabine,uracil,1
tegafur,uracil,1
clindamycin,ciprofloxacin,1
celecoxib,irinotecan,1
celecoxib,cisplatin,1
irinotecan,cisplatin,1
docetaxel,estramustine,1
docetaxel,estramustine,0
estramustine,estramustine,0
sunitinib,pazopanib,0
sunitinib,sorafenib,0
pazopanib,sorafenib,0
artesunate,amodiaquine,1
docetaxel,prednisone,1
cyclosporine,digoxin,0
tranexamic,norethisterone,0
bortezomib,rapamycin,1
valsartan,spironolactone,1
methotrexate,vinblastine,1
methotrexate,doxorubicin,1
methotrexate,cisplatin,1
vinblastine,doxorubicin,1
vinblastine,cisplatin,1
doxorubicin,cisplatin,1
ethinylestradiol,desogestrel,1
ethinylestradiol,ethinylestradiol,0
ethinylestradiol,gestodene,0
desogestrel,ethinylestradiol,0
desogestrel,gestodene,0
ethinylestradiol,gestodene,1
ethinyl,desogestrel,1
ethinyl,mefenamic,0
desogestrel,mefenamic,0
enzastaurin,bevacizumab,1
secukinumab,ustekinumab,0
secukinumab,adalimumab,0
secukinumab,etanercept,0
ustekinumab,adalimumab,0
ustekinumab,etanercept,0
adalimumab,etanercept,0
methotrexate,vinblastine,1
methotrexate,doxorubicin,1
methotrexate,cisplatin,1
vinblastine,doxorubicin,1
vinblastine,cisplatin,1
doxorubicin,cisplatin,1
oxaliplatin,capecitabine,1
risedronate,alendronate,0
oxaliplatin,capecitabine,1
everolimus,bicalutamide,1
Ropivacaine,bupivacaine,0
rotigotine,pramipexole,0
rotigotine,ropinirole,0
rotigotine,cabergoline,0
pramipexole,ropinirole,0
pramipexole,cabergoline,0
ropinirole,cabergoline,0
isoniazid,saquinavir,1
isoniazid,ritonavir,1
isoniazid,rifampicin,1
saquinavir,ritonavir,1
saquinavir,rifampicin,1
ritonavir,rifampicin,1
trastuzumab,docetaxel,1
trastuzumab,pertuzumab,0
trastuzumab,trastuzumab,0
trastuzumab,docetaxel,0
trastuzumab,pertuzumab,0
docetaxel,pertuzumab,0
docetaxel,trastuzumab,0
docetaxel,docetaxel,0
docetaxel,pertuzumab,0
pertuzumab,trastuzumab,1
pertuzumab,docetaxel,1
pertuzumab,pertuzumab,0
trastuzumab,docetaxel,1
trastuzumab,pertuzumab,0
docetaxel,pertuzumab,0
thiabendazole,aspirin,1
Azacitidine,enasidenib,1
lamotrigine,amitriptyline,1
bevacizumab,triamcinolone,1
Doxorubicin,ifosfamide,1
methylprednisolone,prednisolone,0
methylprednisolone,cyclosporine,0
prednisolone,cyclosporine,1
colistin,ciprofloxacin,1
flutamide,bicalutamide,0
decitabine,vorinostat,1
Epirubicin,cyclophosphamide,1
carvedilol,spironolactone,1
hydroxyzine,cetirizine,1
everolimus,vinorelbine,1
everolimus,vinorelbine,0
vinorelbine,vinorelbine,0
adalimumab,tocilizumab,0
adalimumab,rituximab,0
adalimumab,chloroquine,0
adalimumab,hydroxychloroquine,0
tocilizumab,rituximab,0
tocilizumab,chloroquine,0
tocilizumab,hydroxychloroquine,0
rituximab,chloroquine,0
rituximab,hydroxychloroquine,0
chloroquine,hydroxychloroquine,0
docetaxel,doxorubicin,1
fluorouracil,leucovorin,1
nivolumab,ipilimumab,1
infliximab,rituximab,1
Topiramate,metformin,1
oxaliplatin,fluorouracil,1
oxaliplatin,leucovorin,1
fluorouracil,leucovorin,1
Verapamil,quinine,1
dipyridamole,epirubicin,1
docetaxel,flavopiridol,1
Dipyridamole,dipyridamole,0
Dipyridamole,acetylsalicyclic acid,0
dipyridamole,acetylsalicyclic acid,1
Bevacizumab,trastuzumab,1
ampicillin,erythromycin,0
ampicillin,chloramphenicol,0
ampicillin,kanamycin,0
ampicillin,doxycycline,0
erythromycin,chloramphenicol,0
erythromycin,kanamycin,0
erythromycin,doxycycline,0
chloramphenicol,kanamycin,0
chloramphenicol,doxycycline,0
kanamycin,doxycycline,0
bupivacaine,pancuronium,0
bupivacaine,bupivacaine,0
bupivacaine,pancuronium,0
pancuronium,bupivacaine,0
pancuronium,pancuronium,0
bupivacaine,pancuronium,1
temazepam,fentanyl,1
temazepam,thiopentone,1
temazepam,vecuronium,1
fentanyl,thiopentone,1
fentanyl,vecuronium,1
thiopentone,vecuronium,1
bupivacaine,tramadol,0
bleomycin,mitomycin,1
dulanermin,FOLFOX6,1
dulanermin,bevacizumab,1
FOLFOX6,bevacizumab,1
formoterol,salmeterol,0
amlodipine,lisinopril,0
amlodipine,allopurinol,0
lisinopril,allopurinol,0
cyclophosphamide,methotrexate,1
cyclophosphamide,fluorouracil,1
methotrexate,fluorouracil,1
emedastine,loratadine,1
Erythromycin,clindamycin,0
Erythromycin,carbenicillin,0
clindamycin,carbenicillin,0
Mycophenolate,nivolumab,0
Mycophenolate,ipilimumab,0
nivolumab,ipilimumab,1
saquinavir,indinavir,0
nevirapine,zidovudine,1
cisplatin,bleomycin,1
cisplatin,etoposide,1
bleomycin,etoposide,1
prednisone,vincristine,1
prednisone,cytarabine,1
prednisone,L-asparaginase,1
prednisone,methotrexate,0
prednisone,dexamethasone,0
vincristine,cytarabine,1
vincristine,L-asparaginase,1
vincristine,methotrexate,0
vincristine,dexamethasone,0
cytarabine,L-asparaginase,1
cytarabine,methotrexate,0
cytarabine,dexamethasone,0
L-asparaginase,methotrexate,0
L-asparaginase,dexamethasone,0
methotrexate,dexamethasone,0
5-fluorouracil,oxaliplatin,1
5-fluorouracil,irinotecan,1
5-fluorouracil,leucovorin,1
oxaliplatin,irinotecan,1
oxaliplatin,leucovorin,1
irinotecan,leucovorin,1
aspirin,docetaxel,1
aspirin,vinorelbine,1
docetaxel,vinorelbine,1
paclitaxel,doxorubicin,1
rituximab,cytarabine,1
rituximab,etoposide,1
rituximab,ifosfamide,1
rituximab,carboplatin,1
rituximab,etoposide,1
cytarabine,etoposide,1
cytarabine,ifosfamide,1
cytarabine,carboplatin,1
cytarabine,etoposide,1
etoposide,ifosfamide,1
etoposide,carboplatin,1
etoposide,etoposide,1
ifosfamide,carboplatin,1
ifosfamide,etoposide,1
carboplatin,etoposide,1
simvastatin,rosuvastatin,0
verapamil,trandolapril,1
gemcitabine,methotrexate,0
gemcitabine,vinblastine,0
gemcitabine,doxorubicin,0
gemcitabine,cisplatin,1
methotrexate,vinblastine,1
methotrexate,doxorubicin,1
methotrexate,cisplatin,0
vinblastine,doxorubicin,1
vinblastine,cisplatin,0
doxorubicin,cisplatin,0
ceritinib,alectinib,0
doxorubicin,ifosfamide,1
doxorubicin,cisplatin,1
ifosfamide,cisplatin,1
irinotecan,leucovorin,1
irinotecan,5-fluorouracil,1
leucovorin,5-fluorouracil,1
fludarabine,cyclophosphamide,1
fludarabine,mitoxantrone,1
cyclophosphamide,mitoxantrone,1
vemurafenib,ipilimumab,1
Bevacizumab,paclitaxel,1
Bevacizumab,bevacizumab,0
Bevacizumab,capecitabine,0
paclitaxel,bevacizumab,0
paclitaxel,capecitabine,0
bevacizumab,capecitabine,1
fluorouracil,leucovorin,1
fluorouracil,oxaliplatin,1
leucovorin,oxaliplatin,1
carboplatin,paclitaxel,1
carboplatin,cetuximab,1
carboplatin,bevacizumab,1
paclitaxel,cetuximab,1
paclitaxel,bevacizumab,1
cetuximab,bevacizumab,1
mexiletine,propafenone,1
Cephalexin,cephalexin,0
Cephalexin,trimethoprim-sulfamethoxazole,1
cephalexin,trimethoprim-sulfamethoxazole,0
neratinib,capecitabine,1
neratinib,lapatinib,0
neratinib,capecitabine,0
capecitabine,lapatinib,0
capecitabine,capecitabine,0
lapatinib,capecitabine,1
aspirin,cilostazol,1
methotrexate,etanercept,1
prednisolone,salbutamol,1
prednisolone,prednisolone,0
prednisolone,salbutamol,0
salbutamol,prednisolone,0
salbutamol,salbutamol,0
prednisolone,salbutamol,0
melphalan,prednisone,1
melphalan,thalidomide,1
prednisone,thalidomide,1
ranibizumab,dexamethasone,1
Rabeprazole,omeprazole,0
fluorouracil,leucovorin,1
fluorouracil,oxaliplatin,1
fluorouracil,capecitabine,0
fluorouracil,oxaliplatin,0
leucovorin,oxaliplatin,1
leucovorin,capecitabine,0
leucovorin,oxaliplatin,0
oxaliplatin,capecitabine,0
oxaliplatin,oxaliplatin,0
capecitabine,oxaliplatin,1
celecoxib,erlotinib,1
celecoxib,celecoxib,0
celecoxib,erlotinib,0
erlotinib,celecoxib,0
erlotinib,erlotinib,0
celecoxib,erlotinib,0
aspirin,pentagastrin,0
metronidazole,clarithromycin,0
metronidazole,amoxicillin,0
clarithromycin,amoxicillin,0
levonorgestrel,ethinyl,1
ixabepilone,capecitabine,1
bevacizumab,paclitaxel,1
paclitaxel,carboplatin,1
Mitoxantrone,cyclophosphamide,1
glimepiride,liraglutide,0
glimepiride,glimepiride,0
liraglutide,glimepiride,1
cimetidine,DPPE,1
cimetidine,tamoxifen,0
cimetidine,N-diethyl-2-[4-(phenylmethyl)phenoxy]-ethanamine-HCl,1
DPPE,tamoxifen,0
DPPE,N-diethyl-2-[4-(phenylmethyl)phenoxy]-ethanamine-HCl,1
tamoxifen,N-diethyl-2-[4-(phenylmethyl)phenoxy]-ethanamine-HCl,0
capecitabine,oxaliplatin,1
vincristine,ifosfamide,1
vincristine,dactinomycin,1
vincristine,etoposide,1
ifosfamide,dactinomycin,1
ifosfamide,etoposide,1
dactinomycin,etoposide,0
amlodipine,atorvastatin,1
dabrafenib,trametinib,1
dabrafenib,anti-PD1,0
dabrafenib,ipilimumab,0
trametinib,anti-PD1,0
trametinib,ipilimumab,0
anti-PD1,ipilimumab,1
chlorambucil,procarbazine,1
chlorambucil,prednisone,1
procarbazine,prednisone,1
rituximab,alemtuzumab,0
rituximab,bendamustine,0
alemtuzumab,bendamustine,0
pirfenidone,nintedanib,0
aspirin,5-aminosalicylates,0
aspirin,cyclo-oxygenase-2,0
aspirin,COX-2,0
aspirin,ursodeoxycholic acid,0
5-aminosalicylates,cyclo-oxygenase-2,0
5-aminosalicylates,COX-2,0
5-aminosalicylates,ursodeoxycholic acid,0
cyclo-oxygenase-2,COX-2,0
cyclo-oxygenase-2,ursodeoxycholic acid,0
COX-2,ursodeoxycholic acid,0
bortezomib,rituximab,1
ifosfamide,carboplatin,1
ifosfamide,etoposide,1
carboplatin,etoposide,1
Tofacitinib,adalimumab,0
alendronate,parathyroid hormone,1
alendronate,raloxifene,1
parathyroid hormone,raloxifene,1
Atorvastatin,metformin,1
Bevacizumab,irinotecan,1
Bevacizumab,oxaliplatin,1
irinotecan,oxaliplatin,1
GLY,aclidinium,0
GLY,tiotropium,0
aclidinium,tiotropium,0
pembrolizumab,axitinib,1
pembrolizumab,sunitinib,0
axitinib,sunitinib,0
paclitaxel,nedaplatin,1
fluorouracil,leucovorin,1
fluorouracil,LV5FU2,0
fluorouracil,oxaliplatin,0
leucovorin,LV5FU2,0
leucovorin,oxaliplatin,0
LV5FU2,oxaliplatin,1
dofetilide,verapamil,1
capecitabine,docetaxel,1
epirubicin,cyclophosphamide,1
flecainide,streptomycin,1
pertuzumab,trastuzumab,1
panitumumab,cetuximab,0
panitumumab,bevacizumab,1
cetuximab,bevacizumab,1
adapalene,minocycline,1
cyclophosphamide,methotrexate,0
cyclophosphamide,5-FU,0
cyclophosphamide,prednisone,0
cyclophosphamide,doxorubicin,1
methotrexate,5-FU,0
methotrexate,prednisone,0
methotrexate,doxorubicin,0
5-FU,prednisone,0
5-FU,doxorubicin,0
prednisone,doxorubicin,0
peginterferon alfa-2b,vemurafenib,0
peginterferon alfa-2b,ipilimumab,0
vemurafenib,ipilimumab,0
bicalutamide,flutamide,0
Montelukast,Levocetirizine,1
cefoperazone,sulbactam,1
cyclophosphamide,carmustine,1
cyclophosphamide,thiotepa,1
carmustine,thiotepa,1
Melatonin,sulpiride,0
Trastuzumab,Pertuzumab,0
trastuzumab,vinorelbine,1
trastuzumab,vinorelbine,0
vinorelbine,vinorelbine,0
leuprorelin,goserelin,0
leuprorelin,cyproterone,0
goserelin,cyproterone,0
amantadine,mycophenolate,0
sunitinib,pazopanib,0
Streptomycin,gentamicin,0
Streptomycin,netilmicin,0
gentamicin,netilmicin,0
clomipramine,methylphenidate,0
clomipramine,buspirone,0
clomipramine,naltrexone,0
methylphenidate,buspirone,0
methylphenidate,naltrexone,0
buspirone,naltrexone,0
granisetron,mosapride,0
palbociclib,ribociclib,0
palbociclib,letrozole,1
palbociclib,anastrozole,1
palbociclib,fulvestrant,1
ribociclib,letrozole,0
ribociclib,anastrozole,0
ribociclib,fulvestrant,0
letrozole,anastrozole,0
letrozole,fulvestrant,0
anastrozole,fulvestrant,0
cyclosporine,lovastatin,1
PK Merz,memantine,0
PK Merz,Memantine,0
PK Merz,memantine,0
memantine,Memantine,0
memantine,memantine,0
Memantine,memantine,0
gemcitabine,doxorubicin,1
gemcitabine,docetaxel,1
doxorubicin,docetaxel,1
dexamethasone,leptin,0
aripiprazole,valproic,1
aripiprazole,haloperidol,0
aripiprazole,valproic,0
valproic,haloperidol,0
valproic,valproic,0
haloperidol,valproic,1
ketorolac,propofol,1
vandetanib,bicalutamide,1
vandetanib,bicalutamide,0
bicalutamide,bicalutamide,0
Aspirin,Atenolol,0
Aspirin,Metformin,1
Atenolol,Metformin,1
vorinostat,oxaliplatin,1
gentamicin,doxycycline,1
aspirin,clopidogrel,1
daunorubicin,imatinib,1
daunorubicin,cytarabine,1
imatinib,cytarabine,1
cyclophosphamide,adriamycin,1
cyclophosphamide,prednisolone,1
cyclophosphamide,tamoxifen,1
adriamycin,prednisolone,1
adriamycin,tamoxifen,1
prednisolone,tamoxifen,1
epinephrine,propranolol,1
doxorubicin,epirubicin,0
physostigmine,scopolamine,0
physostigmine,mecamylamine,0
scopolamine,mecamylamine,0
lenvatinib,sorafenib,0
atezolizumab,docetaxel,0
bleomycin,triamcinolone,0
levetiracetam,topiramate,1
levetiracetam,lacosamide,1
levetiracetam,topiramate,0
topiramate,lacosamide,0
topiramate,topiramate,0
lacosamide,topiramate,0
carmofur,mitomycin,1
Obinutuzumab,Lenalidomide,1
Obinutuzumab,lenalidomide,0
Obinutuzumab,obinutuzumab,0
Lenalidomide,lenalidomide,0
Lenalidomide,obinutuzumab,0
lenalidomide,obinutuzumab,0
propranolol,pindolol,0
Nab-paclitaxel,paclitaxel,0
Nab-paclitaxel,carboplatin,0
Nab-paclitaxel,bevacizumab,0
Nab-paclitaxel,nab-paclitaxel,0
paclitaxel,carboplatin,0
paclitaxel,bevacizumab,0
paclitaxel,nab-paclitaxel,0
carboplatin,bevacizumab,1
carboplatin,nab-paclitaxel,1
bevacizumab,nab-paclitaxel,1
gentamicin,clindamycin,1
nicotinamide,isoniazid,0
pegfilgrastim,rituximab,1
aflibercept,dexamethasone,0
aflibercept,aflibercept,0
dexamethasone,aflibercept,1
paclitaxel,carboplatin,1
paclitaxel,"CP-870,893",1
carboplatin,"CP-870,893",1
paclitaxel,docetaxel,0
fenofibric,atorvastatin,1
fenofibric,rosuvastatin,1
fenofibric,simvastatin,1
atorvastatin,rosuvastatin,0
atorvastatin,simvastatin,0
rosuvastatin,simvastatin,0
lamivudine,zidovudine,1
lamivudine,zidovudine,0
zidovudine,zidovudine,0
Bradykinin,carbachol,1
gefitinib,erlotinib,0
gefitinib,PI3K/AKTis,1
erlotinib,PI3K/AKTis,1
gemcitabine,capecitabine,1
gemcitabine,dovitinib,1
capecitabine,dovitinib,1
oxaliplatin,doxorubicin,1
trebananib,cediranib,0
tamsulosin,tolterodine,1
tamsulosin,tamsulosin,0
tolterodine,tamsulosin,0
dexamethasone,quinine,0
docetaxel,paclitaxel,0
docetaxel,docetaxel,0
docetaxel,paclitaxel,0
paclitaxel,docetaxel,0
paclitaxel,paclitaxel,0
docetaxel,paclitaxel,0
prednisolone,cyclophosphamide,1
Doxifluridine,medroxyprogesterone,1
Doxifluridine,cyclophosphamide,1
medroxyprogesterone,cyclophosphamide,1
valganciclovir,ganciclovir,0
paclitaxel,cyclophosphamide,1
paclitaxel,cisplatin,1
cyclophosphamide,cisplatin,1
clonidine,yohimbine,0
clonidine,naloxone,0
yohimbine,naloxone,0
sunitinib,sorafenib,0
Seribantumab,Erlotinib,1
Trabectedin,doxorubicin,1
lumefantrine,chloroquine,0
lumefantrine,chloroquine,0
chloroquine,chloroquine,0
Estramustine,vinblastine,1
gemcitabine,carboplatin,1
bevacizumab,sunitinib,0
bevacizumab,IFN-α,1
sunitinib,IFN-α,0
selumetinib,trametinib,0
sorafenib,sunitinib,0
Naloxone,atropine,0
abiraterone,enzalutamide,0
verapamil,doxorubicin,1
vinorelbine,paclitaxel,1
docetaxel,pemetrexed,0
verapamil,nifedipine,0
verapamil,diltiazem,0
nifedipine,diltiazem,0
digoxin,verapamil,1
digoxin,diltiazem,1
verapamil,diltiazem,1
Oxaliplatin,leucovorin,1
Oxaliplatin,5-fluorouracil,1
leucovorin,5-fluorouracil,1
paclitaxel,docetaxel,0
paclitaxel,vinorelbine,1
docetaxel,vinorelbine,1
nivolumab,ipilimumab,1
atorvastatin,celecoxib,1
atorvastatin,tipifarnib,1
celecoxib,tipifarnib,1
donepezil,galantamine,0
donepezil,rivastigmine,0
donepezil,memantine,0
galantamine,rivastigmine,0
galantamine,memantine,0
rivastigmine,memantine,0
Raloxifene,tamoxifen,0
endothelin-1,bosentan,0
endothelin-1,ramipril,0
endothelin-1,bosentan,0
endothelin-1,ramipril,0
bosentan,ramipril,0
bosentan,bosentan,0
bosentan,ramipril,0
ramipril,bosentan,0
ramipril,ramipril,0
bosentan,ramipril,1
carboplatin,paclitaxel,1
ranolazine,ivabradine,0
pseudoephedrine,andrographolide,0
pseudoephedrine,chloroquine,0
pseudoephedrine,abacavir,0
pseudoephedrine,thalidomide,0
andrographolide,chloroquine,0
andrographolide,abacavir,0
andrographolide,thalidomide,0
chloroquine,abacavir,0
chloroquine,thalidomide,0
abacavir,thalidomide,0
cefuroxime,tobramycin,1
ponatinib,lapatinib,0
ponatinib,CDK7 inhibitor,1
lapatinib,CDK7 inhibitor,1
epirubicin,paclitaxel,1
Carboplatin,etoposide,1
dexamethasone,dasatinib,1
prednisone,mitoxantrone,1
imatinib,cytarabine,1
gemcitabine,capecitabine,1
doxorubicin/cisplatin,ifosfamide,1
doxorubicin/cisplatin,methotrexate,1
ifosfamide,methotrexate,1
rituximab,lamivudine,0
rituximab,tenofovir,0
lamivudine,tenofovir,1
fluorouracil-,oxaliplatin-,0
fluorouracil-,irinotecan-based,0
fluorouracil-,panitumumab,0
fluorouracil-,irinotecan,0
fluorouracil-,panitumumab,0
fluorouracil-,cetuximab,0
fluorouracil-,irinotecan,0
fluorouracil-,cetuximab,0
oxaliplatin-,irinotecan-based,0
oxaliplatin-,panitumumab,0
oxaliplatin-,irinotecan,0
oxaliplatin-,panitumumab,0
oxaliplatin-,cetuximab,0
oxaliplatin-,irinotecan,0
oxaliplatin-,cetuximab,0
irinotecan-based,panitumumab,0
irinotecan-based,irinotecan,0
irinotecan-based,panitumumab,0
irinotecan-based,cetuximab,0
irinotecan-based,irinotecan,0
irinotecan-based,cetuximab,0
panitumumab,irinotecan,1
panitumumab,panitumumab,0
panitumumab,cetuximab,0
panitumumab,irinotecan,0
panitumumab,cetuximab,0
irinotecan,panitumumab,0
irinotecan,cetuximab,0
irinotecan,irinotecan,0
irinotecan,cetuximab,0
panitumumab,cetuximab,0
panitumumab,irinotecan,0
panitumumab,cetuximab,0
cetuximab,irinotecan,1
cetuximab,cetuximab,0
irinotecan,cetuximab,0
Epirubicin,oxaliplatin,1
Epirubicin,capecitabine,1
Epirubicin,panitumumab,1
oxaliplatin,capecitabine,1
oxaliplatin,panitumumab,1
capecitabine,panitumumab,1
letrozole,tamoxifen,0
letrozole,letrozole,0
letrozole,tamoxifen,0
letrozole,letrozole,0
letrozole,tamoxifen,0
tamoxifen,letrozole,0
tamoxifen,tamoxifen,0
tamoxifen,letrozole,0
tamoxifen,tamoxifen,0
letrozole,tamoxifen,1
letrozole,letrozole,0
letrozole,tamoxifen,0
tamoxifen,letrozole,0
tamoxifen,tamoxifen,0
letrozole,tamoxifen,0
FOLFIRI,cetuximab,1
FOLFIRI,bevacizumab,0
cetuximab,bevacizumab,0
Tamoxifen,Exemestane,1
formoterol,terbutaline,1
5-FU,leucovorin,1
5-FU,oxaliplatin,1
5-FU,docetaxel,1
leucovorin,oxaliplatin,1
leucovorin,docetaxel,1
oxaliplatin,docetaxel,1
anastrozole,exemestane,0
anastrozole,letrozole,0
anastrozole,tamoxifen,0
exemestane,letrozole,0
exemestane,tamoxifen,0
letrozole,tamoxifen,0
Digoxin,gemcitabine,1
rapamycin,5-fluorouracil,1
rapamycin,oxaliplatin,1
5-fluorouracil,oxaliplatin,1
econazole,fluconazole,0
econazole,metyrapone,0
fluconazole,metyrapone,0
atezolizumab,durvalumab,0
atezolizumab,pembrolizumab,0
atezolizumab,nivolumab,0
durvalumab,pembrolizumab,0
durvalumab,nivolumab,0
pembrolizumab,nivolumab,0
Metformin,Rosiglitazone,1
curcumin,docetaxel,1
propranolol,metoprolol,0
nivolumab,regorafenib,1
chenodeoxycholic,ketoconazole,0
etoposide,vincristine,0
etoposide,mitomycin,0
vincristine,mitomycin,0
cholic,chenodeoxycholic,0
vancomycin,rifampin,1
roflumilast,tiotropium,1
rituximab,cyclosporine,0
rituximab,rituximab,0
cyclosporine,rituximab,0
cisplatin,doxorubicin,1
cisplatin,cyclophosphamide,1
doxorubicin,cyclophosphamide,1
Methotrexate,hydroxychloroquine,0
rifampin,isoniazid,0
Sorafenib,bortezomib,0
candesartan,candesartan,0
candesartan,rofecoxib,0
candesartan,rofecoxib,1
cyclophosphamide,methotrexate,1
cyclophosphamide,fluorouracil,1
methotrexate,fluorouracil,1
everolimus,alemtuzumab,1
lisinopril,captopril,0
lisinopril,lisinopril,0
captopril,lisinopril,0
Capecitabine,oxaliplatin,1
Capecitabine,fluorouracil,0
Capecitabine,cisplatin,0
oxaliplatin,fluorouracil,0
oxaliplatin,cisplatin,0
fluorouracil,cisplatin,1
dexmedetomidine,butorphanol,1
dexmedetomidine,methadone,1
dexmedetomidine,morphine,1
dexmedetomidine,tramadol,0
butorphanol,methadone,0
butorphanol,morphine,0
butorphanol,tramadol,0
methadone,morphine,0
methadone,tramadol,0
morphine,tramadol,0
melatonin,all-trans retinoic acid,1
melatonin,somatostatin,1
melatonin,melatonin,0
all-trans retinoic acid,somatostatin,1
all-trans retinoic acid,melatonin,0
somatostatin,melatonin,0
cytosine arabinoside,vincristine,1
cytosine arabinoside,prednisone,1
vincristine,prednisone,1
warfarin,rivaroxaban,0
warfarin,dabigatran,0
warfarin,apixaban,0
warfarin,edoxaban,0
rivaroxaban,dabigatran,0
rivaroxaban,apixaban,0
rivaroxaban,edoxaban,0
dabigatran,apixaban,0
dabigatran,edoxaban,0
apixaban,edoxaban,0
Celecoxib,doxorubicin,1
Celecoxib,etoposide,1
Celecoxib,irinotecan,1
Celecoxib,vincristine,0
doxorubicin,etoposide,0
doxorubicin,irinotecan,0
doxorubicin,vincristine,0
etoposide,irinotecan,0
etoposide,vincristine,0
irinotecan,vincristine,0
midostaurin,rituximab,0
imatinib,gefitinib,1
imatinib,imatinib,0
gefitinib,imatinib,0
tamoxifen,risperidone,1
tamoxifen,tamoxifen,0
risperidone,tamoxifen,0
Amoxicillin,erythromycin,1
Amoxicillin,levofloxacin,1
erythromycin,levofloxacin,1
triprolidine,pseudoephedrine,1
epirubicin,cyclophosphamide,1
epirubicin,docetaxel,1
epirubicin,epirubicin,0
epirubicin,docetaxel,0
epirubicin,capecitabine,0
cyclophosphamide,docetaxel,1
cyclophosphamide,epirubicin,0
cyclophosphamide,docetaxel,0
cyclophosphamide,capecitabine,0
docetaxel,epirubicin,0
docetaxel,docetaxel,0
docetaxel,capecitabine,0
epirubicin,docetaxel,1
epirubicin,capecitabine,1
docetaxel,capecitabine,1
paclitaxel,carboplatin,1
paclitaxel,trastuzumab,0
carboplatin,trastuzumab,0
rituximab,vinorelbine,1
rituximab,ifosfamide,1
rituximab,mitoxantrone,1
rituximab,prednisone,1
vinorelbine,ifosfamide,1
vinorelbine,mitoxantrone,1
vinorelbine,prednisone,1
ifosfamide,mitoxantrone,1
ifosfamide,prednisone,1
mitoxantrone,prednisone,1
rituximab,fludarabine,1
rituximab,cyclophosphamide,1
fludarabine,cyclophosphamide,1
anastrozole,tamoxifen,0
anastrozole,tamoxifen,0
anastrozole,anastrozole,0
tamoxifen,tamoxifen,0
tamoxifen,anastrozole,0
tamoxifen,anastrozole,0
streptozocin,doxorubicin,1
streptozocin,dacarbazine,0
doxorubicin,dacarbazine,0
fenfluramine,fluoxetine,0
Pilocarpine,carbachol,0
carboplatin,paclitaxel,1
carboplatin,bevacizumab,1
paclitaxel,bevacizumab,1
valproate,levetiracetam,0
valproate,lamotrigine,0
levetiracetam,lamotrigine,0
cyclophosphamide,doxorubicin,1
cyclophosphamide,vincristine,1
cyclophosphamide,prednisone,1
doxorubicin,vincristine,1
doxorubicin,prednisone,1
vincristine,prednisone,1
olmesartan,amlodipine,1
gemcitabine,docetaxel,1
thiotepa,topotecan,0
Cetuximab,Panitumumab,0
Cetuximab,Zalutumumab,0
Cetuximab,Gefitinib,0
Cetuximab,Bevacizumab,0
Cetuximab,Vandetanib,0
Panitumumab,Zalutumumab,0
Panitumumab,Gefitinib,0
Panitumumab,Bevacizumab,0
Panitumumab,Vandetanib,0
Zalutumumab,Gefitinib,0
Zalutumumab,Bevacizumab,0
Zalutumumab,Vandetanib,0
Gefitinib,Bevacizumab,0
Gefitinib,Vandetanib,0
Bevacizumab,Vandetanib,0
phenylephrine,vasopressin,0
phenylephrine,epinephrine,0
vasopressin,epinephrine,0
irinotecan,oxaliplatin,0
irinotecan,5-fluorouracil/folinic,1
irinotecan,5-fluorouracil/folinic,0
oxaliplatin,5-fluorouracil/folinic,0
oxaliplatin,5-fluorouracil/folinic,1
5-fluorouracil/folinic,5-fluorouracil/folinic,0
dacarbazine,carboplatin,0
dacarbazine,temozolomide,0
carboplatin,temozolomide,0
nedaplatin,leucovorin,1
nedaplatin,5-FU,1
leucovorin,5-FU,1
etanercept,adalimumab,0
etanercept,infliximab,0
adalimumab,infliximab,0
metformin,rosiglitazone,1
tenecteplase,alteplase,0
dexamethasone,ethinyl,1
phenytoin,gabapentin,0
amphotericin,flucytosine,1
amphotericin,fluconazole,0
flucytosine,fluconazole,0
rubidazone,cytosine arabinoside,1
rubidazone,vincristine,1
rubidazone,prednisone,1
cytosine arabinoside,vincristine,1
cytosine arabinoside,prednisone,1
vincristine,prednisone,1
docetaxel,pemetrexed,0
docetaxel,erlotinib,0
pemetrexed,erlotinib,0
methotrexate,5-aminosalicylic acid,1
methotrexate,azathioprine,1
5-aminosalicylic acid,azathioprine,1
gemcitabine,paclitaxel,0
gemcitabine,paclitaxel,0
gemcitabine,gemcitabine,0
paclitaxel,paclitaxel,0
paclitaxel,gemcitabine,0
paclitaxel,gemcitabine,1
phenytoin,carbamazepine,0
curcumin,doxorubicin,1
Daratumumab,Lenalidomide,1
Daratumumab,Dexamethasone,1
Lenalidomide,Dexamethasone,1
doripenem,meropenem,0
nivolumab,pembrolizumab,0
carboplatin,paclitaxel,1
carboplatin,lonafarnib,1
paclitaxel,lonafarnib,1
oxaprozin,aspirin,1
oxaprozin,aspirin,0
aspirin,aspirin,0
pyrazinamide,levofloxacin,1
griseofulvin,ketoconazole,1
Aprepitant,ondansetron,1
Aprepitant,temozolomide,0
Aprepitant,ondansetron,0
ondansetron,temozolomide,0
ondansetron,ondansetron,0
temozolomide,ondansetron,0
lenalidomide,daratumumab,1
doxorubicin,docetaxel,1
ranitidine,lansoprazole,0
cimetidine,L-carnitine,1
crenolanib,quizartinib,0
crenolanib,sorafenib,0
quizartinib,sorafenib,0
varenicline,nicotine,0
pioglitazone,sulfasalazine,1
zidovudine,zidovudine,0
zidovudine,stavudine,0
zidovudine,stavudine,0
Sorafenib,Oxaliplatin,1
Sorafenib,5-Fluorouracil,1
Sorafenib,Leucovorin,1
Oxaliplatin,5-Fluorouracil,1
Oxaliplatin,Leucovorin,1
5-Fluorouracil,Leucovorin,1
levodopa,betaine,0
levodopa,levodopa,0
levodopa,betaine,0
levodopa,levodopa,0
levodopa,benserazide,0
levodopa,levodopa,0
levodopa,betaine-benserazide,0
betaine,levodopa,0
betaine,betaine,0
betaine,levodopa,0
betaine,benserazide,0
betaine,levodopa,0
betaine,betaine-benserazide,0
levodopa,betaine,1
levodopa,levodopa,0
levodopa,benserazide,0
levodopa,levodopa,1
levodopa,betaine-benserazide,1
betaine,levodopa,0
betaine,benserazide,0
betaine,levodopa,1
betaine,betaine-benserazide,1
levodopa,benserazide,1
levodopa,levodopa,0
levodopa,betaine-benserazide,0
benserazide,levodopa,0
benserazide,betaine-benserazide,0
levodopa,betaine-benserazide,1
Cixutumumab,temsirolimus,1
amphotericin,itraconazole,1
amphotericin,itraconazole,0
amphotericin,amphotericin,0
itraconazole,itraconazole,0
itraconazole,amphotericin,0
itraconazole,amphotericin,0
pemetrexed,oxaliplatin,1
pemetrexed,bevacizumab,1
oxaliplatin,bevacizumab,1
sulfadiazine,chlorhexidine,1
stavudine,zidovudine,0
vinblastine,vincristine,0
Danazol,Anti Thymocyte Globulin,0
Danazol,Cyclosporine,0
Danazol,Cyclosporine,0
Danazol,Danazol,0
Anti Thymocyte Globulin,Cyclosporine,1
Anti Thymocyte Globulin,Cyclosporine,0
Anti Thymocyte Globulin,Danazol,0
Cyclosporine,Cyclosporine,0
Cyclosporine,Danazol,0
Cyclosporine,Danazol,1
colchicine,nifedipine,0
paclitaxel,carboplatin,1
Cyclosporine,resveratrol,1
bupivacaine,lidocaine,1
Pemetrexed,bortezomib,1
Bevacizumab,bevacizumab,0
Bevacizumab,TANIA,0
bevacizumab,TANIA,1
Goserelin,tamoxifen,1
Goserelin,cyclophosphamide,1
Goserelin,doxorubicin,1
Goserelin,5-fluorouracil,1
tamoxifen,cyclophosphamide,1
tamoxifen,doxorubicin,1
tamoxifen,5-fluorouracil,1
cyclophosphamide,doxorubicin,1
cyclophosphamide,5-fluorouracil,1
doxorubicin,5-fluorouracil,1
triazolam,cimetidine,1
melatonin,irinotecan,1
cyclophosphamide,filgrastim,1
cisplatin,gemcitabine,0
cisplatin,carboplatin,0
gemcitabine,carboplatin,1
epirubicin,paclitaxel,1
ceritinib,nivolumab,1
somatostatin,decitabine,0
somatostatin,trichostatin,0
somatostatin,somatostatin,0
decitabine,trichostatin,0
decitabine,somatostatin,0
trichostatin,somatostatin,0
famotidine,diphenhydramine,0
clonazepam,chlordiazepoxide,0
Letrozole,Alpelisib,1
bromocriptine,pyridoxine,1
trimethoprim,sulfamethoxazole,1
chloroquine,proguanil,0
chloroquine,mefloquine,0
proguanil,mefloquine,0
cisplatin,etoposide,0
cisplatin,cytarabine,0
cisplatin,cyclophosphamide,0
etoposide,cytarabine,0
etoposide,cyclophosphamide,0
cytarabine,cyclophosphamide,0
capecitabine,oxaliplatin,1
palbociclib,ribociclib,0
palbociclib,abemaciclib,0
ribociclib,abemaciclib,0
bupivacaine,tramadol,0
bevacizumab,ranibizumab,1
etoposide,prednisone,1
etoposide,vincristine,1
etoposide,cyclophosphamide,1
etoposide,doxorubicin,1
etoposide,rituximab,1
prednisone,vincristine,1
prednisone,cyclophosphamide,1
prednisone,doxorubicin,1
prednisone,rituximab,1
vincristine,cyclophosphamide,1
vincristine,doxorubicin,1
vincristine,rituximab,1
cyclophosphamide,doxorubicin,1
cyclophosphamide,rituximab,1
doxorubicin,rituximab,1
propranolol,atropine,0
Doxycycline,azithromycin,0
amantadine,reserpine,1
amantadine,reserpine,1
amantadine,alpha-methyl-p-tyrosine,1
reserpine,reserpine,0
reserpine,alpha-methyl-p-tyrosine,0
reserpine,alpha-methyl-p-tyrosine,1
curcumin,etoposide,1
Mitomycin,Vinorelbine,1
Mitomycin,Cisplatin,1
Vinorelbine,Cisplatin,1
amoxicillin,gentamicin,1
chloroquine,lopinavir,0
chloroquine,hydroxychloroquine,0
chloroquine,azithromycin,0
chloroquine,favipiravir,0
chloroquine,ribavirin,0
chloroquine,darunavir,0
chloroquine,remdesivir,0
lopinavir,hydroxychloroquine,0
lopinavir,azithromycin,0
lopinavir,favipiravir,0
lopinavir,ribavirin,0
lopinavir,darunavir,0
lopinavir,remdesivir,0
hydroxychloroquine,azithromycin,0
hydroxychloroquine,favipiravir,0
hydroxychloroquine,ribavirin,0
hydroxychloroquine,darunavir,0
hydroxychloroquine,remdesivir,0
azithromycin,favipiravir,0
azithromycin,ribavirin,0
azithromycin,darunavir,0
azithromycin,remdesivir,0
favipiravir,ribavirin,0
favipiravir,darunavir,0
favipiravir,remdesivir,0
ribavirin,darunavir,0
ribavirin,remdesivir,0
darunavir,remdesivir,0
bicalutamide,flutamide,0
bicalutamide,nilutamide,0
flutamide,nilutamide,0
vinblastine,methotrexate,1
bombesin,somatostatin,0
resveratrol,meclofenamic acid,0
resveratrol,zeaxanthin,1
meclofenamic acid,zeaxanthin,1
clindamycin,lincomycin,0
clindamycin,clindamycin,0
lincomycin,clindamycin,0
erlotinib,crizotinib,0
trastuzumab,paclitaxel,1
trastuzumab,Taxol,1
paclitaxel,Taxol,0
cyclosporin,cyclophosphamide,1
cyclosporin,corticosteroids,1
cyclophosphamide,corticosteroids,1
Bortezomib,Panobinostat,0
regorafenib,lenvatinib,1
doxycycline,ceftriaxone,0
doxycycline,amoxicillin,0
ceftriaxone,amoxicillin,0
olaparib,abiraterone,1
olaparib,abiraterone,0
abiraterone,abiraterone,0
propranolol,labetalol,0
propranolol,prazosin,0
labetalol,prazosin,0
Rivastigmine,Donepezil,0
methotrexate,cyclophosphamide,1
methotrexate,vincristine,1
methotrexate,doxorubicin,1
methotrexate,etoposide,1
methotrexate,dexamethasone,1
cyclophosphamide,vincristine,1
cyclophosphamide,doxorubicin,1
cyclophosphamide,etoposide,1
cyclophosphamide,dexamethasone,1
vincristine,doxorubicin,1
vincristine,etoposide,1
vincristine,dexamethasone,1
doxorubicin,etoposide,1
doxorubicin,dexamethasone,1
etoposide,dexamethasone,1
etoposide,doxorubicin,0
tamsulosin,meloxicam,1
doxorubicin,etoposide,1
doxorubicin,cisplatinum,1
etoposide,cisplatinum,1
simvastatin,ezetimibe,1
dacarbazine,nimustine,1
dacarbazine,vincristine,1
dacarbazine,cisplatin,1
nimustine,vincristine,1
nimustine,cisplatin,1
vincristine,cisplatin,1
Ara-C,mitoxantrone,1
Ara-C,etoposide,1
mitoxantrone,etoposide,1
cisplatin,CDDP,0
cisplatin,doxorubicin,0
cisplatin,DXR,0
cisplatin,etoposide,0
cisplatin,VP-16,0
CDDP,doxorubicin,0
CDDP,DXR,0
CDDP,etoposide,0
CDDP,VP-16,0
doxorubicin,DXR,0
doxorubicin,etoposide,0
doxorubicin,VP-16,0
DXR,etoposide,0
DXR,VP-16,0
etoposide,VP-16,0
cyclophosphamide,alvocidib,1
cyclophosphamide,rituximab,1
alvocidib,rituximab,1
desmoteplase,tenecteplase,0
cyclophosphamide,doxorubicin,1
cyclophosphamide,etoposide,1
doxorubicin,etoposide,1
cytisine,mecamylamine,0
cytisine,scopolamine,0
cytisine,ketanserin,0
mecamylamine,scopolamine,0
mecamylamine,ketanserin,0
scopolamine,ketanserin,0
carboplatin,etoposide,1
carboplatin,ifosfamide,1
etoposide,ifosfamide,1
Aspirin,tamoxifen,0
cefotaxime,metronidazole,1
CD DP,leucovorin,1
CD DP,etoposide,1
CD DP,doxorubicin,1
CD DP,5-FU,1
leucovorin,etoposide,1
leucovorin,doxorubicin,1
leucovorin,5-FU,1
etoposide,doxorubicin,1
etoposide,5-FU,1
doxorubicin,5-FU,1
bleomycin,etoposide,1
bleomycin,doxorubicin,1
bleomycin,cyclophosphamide,1
bleomycin,vincristine,1
bleomycin,procarbazine,1
bleomycin,prednisolone,1
etoposide,doxorubicin,1
etoposide,cyclophosphamide,1
etoposide,vincristine,1
etoposide,procarbazine,1
etoposide,prednisolone,1
doxorubicin,cyclophosphamide,1
doxorubicin,vincristine,1
doxorubicin,procarbazine,1
doxorubicin,prednisolone,1
cyclophosphamide,vincristine,1
cyclophosphamide,procarbazine,1
cyclophosphamide,prednisolone,1
vincristine,procarbazine,1
vincristine,prednisolone,1
procarbazine,prednisolone,1
doxorubicin,cyclophosphamide,1
doxorubicin,doxorubicin,0
doxorubicin,cyclophosphamide,0
cyclophosphamide,doxorubicin,0
cyclophosphamide,cyclophosphamide,0
doxorubicin,cyclophosphamide,1
cyclophosphamide,doxorubicin,1
cyclophosphamide,vincristine,1
cyclophosphamide,cisplatin,1
cyclophosphamide,etoposide,1
doxorubicin,vincristine,1
doxorubicin,cisplatin,1
doxorubicin,etoposide,1
vincristine,cisplatin,1
vincristine,etoposide,1
cisplatin,etoposide,1
Cyclophosphamide,methotrexate,1
Cyclophosphamide,5-fluorouracil,1
Cyclophosphamide,folinic acid,1
methotrexate,5-fluorouracil,1
methotrexate,folinic acid,1
5-fluorouracil,folinic acid,1
rosuvastatin,rosuvastatin,0
rosuvastatin,fenofibrate,0
rosuvastatin,fenofibrate,1
bupivacaine,bupivacaine,0
bupivacaine,triamcinolone,0
bupivacaine,bupivacaine,0
bupivacaine,triamcinolone,0
bupivacaine,triamcinolone,1
bupivacaine,bupivacaine,0
bupivacaine,triamcinolone,0
triamcinolone,bupivacaine,0
triamcinolone,triamcinolone,0
bupivacaine,triamcinolone,1
Irinotecan,etoposide,1
Irinotecan,irinotecan,0
Irinotecan,etoposide,0
etoposide,irinotecan,0
etoposide,etoposide,0
irinotecan,etoposide,1
sofosbuvir,pegylated-interferon,1
sofosbuvir,ribavirin,1
pegylated-interferon,ribavirin,1
Cyclosporin,Azathioprine,1
sunitinib,interferon alfa,0
doxorubicin,etoposide,0
aspirin,warfarin,0
aspirin,clopidogrel,0
aspirin,clopidogrel,0
aspirin,aspirin,0
warfarin,clopidogrel,0
warfarin,clopidogrel,0
warfarin,aspirin,0
clopidogrel,clopidogrel,0
clopidogrel,aspirin,0
clopidogrel,aspirin,0
doxorubicin,etoposide,0
efavirenz,etravirine,0
KPT-8602,dexamethasone,1
KPT-8602,vincristine,1
KPT-8602,doxorubicin,1
dexamethasone,vincristine,0
dexamethasone,doxorubicin,0
vincristine,doxorubicin,0
artesunate,artemether,0
lidocaine,fentanyl,1
lidocaine,ropivacaine,0
lidocaine,fentanyl,0
fentanyl,ropivacaine,0
fentanyl,fentanyl,0
ropivacaine,fentanyl,1
chloroquine,dexamethasone,0
chloroquine,methotrexate,0
chloroquine,vinblastine,0
dexamethasone,methotrexate,0
dexamethasone,vinblastine,0
methotrexate,vinblastine,0
iloprost,bosentan,1
iloprost,sildenafil,1
bosentan,sildenafil,1
sulbactam,piperacillin,1
sulbactam,sulbactam,0
piperacillin,sulbactam,0
doxorubicin,cisplatin,0
doxorubicin,etoposide,0
cisplatin,etoposide,0
oxaliplatin,leucovorin,1
oxaliplatin,5-fluorouracil,1
leucovorin,5-fluorouracil,1
dapagliflozin,sulfonylurea,0
dapagliflozin,metformin,1
sulfonylurea,metformin,0
latanoprost,timolol,0
latanoprost,brimonidine,0
latanoprost,dorzolamide,0
latanoprost,bimatoprost,0
latanoprost,travoprost,0
timolol,brimonidine,0
timolol,dorzolamide,0
timolol,bimatoprost,0
timolol,travoprost,0
brimonidine,dorzolamide,0
brimonidine,bimatoprost,0
brimonidine,travoprost,0
dorzolamide,bimatoprost,0
dorzolamide,travoprost,0
bimatoprost,travoprost,0
dronedarone,amiodarone,0
iguratimod,methotrexate,1
Cyclophosphamide,doxorubicin,1
Cyclophosphamide,vincristine,1
Cyclophosphamide,prednisone,1
Cyclophosphamide,cyclophosphamide,0
Cyclophosphamide,vincristine,0
Cyclophosphamide,doxorubicin,0
Cyclophosphamide,etoposide,0
Cyclophosphamide,cytarabine,0
Cyclophosphamide,etoposide,0
Cyclophosphamide,prednisone,0
Cyclophosphamide,vincristine,0
Cyclophosphamide,cyclophosphamide,0
Cyclophosphamide,doxorubicin,0
Cyclophosphamide,methotrexate/ifosfamide,0
doxorubicin,vincristine,1
doxorubicin,prednisone,1
doxorubicin,cyclophosphamide,0
doxorubicin,vincristine,0
doxorubicin,doxorubicin,0
doxorubicin,etoposide,0
doxorubicin,cytarabine,0
doxorubicin,etoposide,0
doxorubicin,prednisone,0
doxorubicin,vincristine,0
doxorubicin,cyclophosphamide,0
doxorubicin,doxorubicin,0
doxorubicin,methotrexate/ifosfamide,0
vincristine,prednisone,1
vincristine,cyclophosphamide,0
vincristine,vincristine,0
vincristine,doxorubicin,0
vincristine,etoposide,0
vincristine,cytarabine,0
vincristine,etoposide,0
vincristine,prednisone,0
vincristine,vincristine,0
vincristine,cyclophosphamide,0
vincristine,doxorubicin,0
vincristine,methotrexate/ifosfamide,0
prednisone,cyclophosphamide,0
prednisone,vincristine,0
prednisone,doxorubicin,0
prednisone,etoposide,0
prednisone,cytarabine,0
prednisone,etoposide,0
prednisone,prednisone,0
prednisone,vincristine,0
prednisone,cyclophosphamide,0
prednisone,doxorubicin,0
prednisone,methotrexate/ifosfamide,0
cyclophosphamide,vincristine,1
cyclophosphamide,doxorubicin,1
cyclophosphamide,etoposide,1
cyclophosphamide,cytarabine,1
cyclophosphamide,etoposide,0
cyclophosphamide,prednisone,0
cyclophosphamide,vincristine,0
cyclophosphamide,cyclophosphamide,0
cyclophosphamide,doxorubicin,0
cyclophosphamide,methotrexate/ifosfamide,1
vincristine,doxorubicin,1
vincristine,etoposide,1
vincristine,cytarabine,1
vincristine,etoposide,0
vincristine,prednisone,0
vincristine,vincristine,0
vincristine,cyclophosphamide,0
vincristine,doxorubicin,0
vincristine,methotrexate/ifosfamide,1
doxorubicin,etoposide,1
doxorubicin,cytarabine,1
doxorubicin,etoposide,0
doxorubicin,prednisone,0
doxorubicin,vincristine,0
doxorubicin,cyclophosphamide,0
doxorubicin,doxorubicin,0
doxorubicin,methotrexate/ifosfamide,1
etoposide,cytarabine,1
etoposide,etoposide,0
etoposide,prednisone,0
etoposide,vincristine,0
etoposide,cyclophosphamide,0
etoposide,doxorubicin,0
etoposide,methotrexate/ifosfamide,1
cytarabine,etoposide,0
cytarabine,prednisone,0
cytarabine,vincristine,0
cytarabine,cyclophosphamide,0
cytarabine,doxorubicin,0
cytarabine,methotrexate/ifosfamide,1
etoposide,prednisone,1
etoposide,vincristine,1
etoposide,cyclophosphamide,1
etoposide,doxorubicin,1
etoposide,methotrexate/ifosfamide,0
prednisone,vincristine,1
prednisone,cyclophosphamide,1
prednisone,doxorubicin,1
prednisone,methotrexate/ifosfamide,0
vincristine,cyclophosphamide,1
vincristine,doxorubicin,1
vincristine,methotrexate/ifosfamide,0
cyclophosphamide,doxorubicin,1
cyclophosphamide,methotrexate/ifosfamide,0
doxorubicin,methotrexate/ifosfamide,0
Irinotecan,oxaliplatin,0
Irinotecan,oxaliplatin,0
Irinotecan,irinotecan,0
oxaliplatin,oxaliplatin,0
oxaliplatin,irinotecan,0
oxaliplatin,irinotecan,0
methylergometrine,oxytocin,1
doxorubicin,etoposide,0
docetaxel,gemcitabine,0
docetaxel,pemetrexed,0
docetaxel,erlotinib,0
docetaxel,afatinib,0
docetaxel,osimertinib,0
docetaxel,crizotinib,0
docetaxel,alectinib,0
docetaxel,ceritinib,0
gemcitabine,pemetrexed,0
gemcitabine,erlotinib,0
gemcitabine,afatinib,0
gemcitabine,osimertinib,0
gemcitabine,crizotinib,0
gemcitabine,alectinib,0
gemcitabine,ceritinib,0
pemetrexed,erlotinib,0
pemetrexed,afatinib,0
pemetrexed,osimertinib,0
pemetrexed,crizotinib,0
pemetrexed,alectinib,0
pemetrexed,ceritinib,0
erlotinib,afatinib,0
erlotinib,osimertinib,0
erlotinib,crizotinib,0
erlotinib,alectinib,0
erlotinib,ceritinib,0
afatinib,osimertinib,0
afatinib,crizotinib,0
afatinib,alectinib,0
afatinib,ceritinib,0
osimertinib,crizotinib,0
osimertinib,alectinib,0
osimertinib,ceritinib,0
crizotinib,alectinib,0
crizotinib,ceritinib,0
alectinib,ceritinib,0
formoterol,salmeterol,0
cytarabine,etoposide,1
cefoxitin,ampicillin,1
cefoxitin,chloramphenicol,1
cefoxitin,ceftizoxime,1
cefoxitin,aztreonam,1
cefoxitin,cefotaxime,1
cefoxitin,imipenem,1
cefoxitin,ceftazidime,1
cefoxitin,gentamicin,1
cefoxitin,tetracycline,1
cefoxitin,ciprofloxacin,1
ampicillin,chloramphenicol,1
ampicillin,ceftizoxime,1
ampicillin,aztreonam,1
ampicillin,cefotaxime,1
ampicillin,imipenem,1
ampicillin,ceftazidime,1
ampicillin,gentamicin,1
ampicillin,tetracycline,1
ampicillin,ciprofloxacin,1
chloramphenicol,ceftizoxime,1
chloramphenicol,aztreonam,1
chloramphenicol,cefotaxime,1
chloramphenicol,imipenem,1
chloramphenicol,ceftazidime,1
chloramphenicol,gentamicin,1
chloramphenicol,tetracycline,1
chloramphenicol,ciprofloxacin,1
ceftizoxime,aztreonam,1
ceftizoxime,cefotaxime,1
ceftizoxime,imipenem,1
ceftizoxime,ceftazidime,1
ceftizoxime,gentamicin,1
ceftizoxime,tetracycline,1
ceftizoxime,ciprofloxacin,1
aztreonam,cefotaxime,1
aztreonam,imipenem,1
aztreonam,ceftazidime,1
aztreonam,gentamicin,1
aztreonam,tetracycline,1
aztreonam,ciprofloxacin,1
cefotaxime,imipenem,1
cefotaxime,ceftazidime,1
cefotaxime,gentamicin,1
cefotaxime,tetracycline,1
cefotaxime,ciprofloxacin,1
imipenem,ceftazidime,1
imipenem,gentamicin,1
imipenem,tetracycline,1
imipenem,ciprofloxacin,1
ceftazidime,gentamicin,1
ceftazidime,tetracycline,1
ceftazidime,ciprofloxacin,1
gentamicin,tetracycline,1
gentamicin,ciprofloxacin,1
tetracycline,ciprofloxacin,1
irinotecan,5-FU,1
irinotecan,leucovorin,1
5-FU,leucovorin,1
famotidine,bismuth,0
pembrolizumab,bevacizumab,0
Terlipressin,octreotide,1
Terlipressin,terlipressin,0
octreotide,terlipressin,0
alprazolam,imipramine,0
doxorubicin,etoposide,0
vasopressin,oxytocin,0
vasopressin,bradykinin,0
oxytocin,bradykinin,0
pazopanib,sunitinib,0
pretreated,paclitaxel,0
pretreated,docetaxel,0
pretreated,capecitabine,0
pretreated,vinorelbine,0
pretreated,mitomycin,0
paclitaxel,docetaxel,0
paclitaxel,capecitabine,0
paclitaxel,vinorelbine,0
paclitaxel,mitomycin,0
docetaxel,capecitabine,0
docetaxel,vinorelbine,0
docetaxel,mitomycin,0
capecitabine,vinorelbine,0
capecitabine,mitomycin,0
vinorelbine,mitomycin,0
amphotericin,rifampin,0
Docetaxel,cisplatin,1
Docetaxel,capecitabine,1
cisplatin,capecitabine,1
curcumin,irinotecan,1
ceftriaxone,doxycycline,0
ceftriaxone,plus,0
doxycycline,plus,1
Metformin,genistein,0
Metformin,genistein,0
Metformin,metformin,0
genistein,genistein,0
genistein,metformin,0
genistein,metformin,1
sirolimus,tacrolimus,0
ibritumomab tiuxetan,carmustine,1
ibritumomab tiuxetan,etoposide,1
ibritumomab tiuxetan,cytarabine,1
ibritumomab tiuxetan,melphalan,1
carmustine,etoposide,1
carmustine,cytarabine,1
carmustine,melphalan,1
etoposide,cytarabine,1
etoposide,melphalan,1
cytarabine,melphalan,1
Palbociclib,fulvestrant,1
5-fluorouracil,irinotecan,1
5-fluorouracil,oxaliplatin,1
irinotecan,oxaliplatin,1
daptomycin,vancomycin,0
axitinib,sorafenib,0
axitinib,pazopanib,0
sorafenib,pazopanib,0
paclitaxel,gemcitabine,1
Margetuximab,Trastuzumab,0
cyclophosphamide,vincristine,0
cyclophosphamide,prednisolone,0
vincristine,prednisolone,0
docetaxel,prednisone,1
vasopressin,oxytocin,0
fluorouracil,irinotecan,1
fluorouracil,fluorouracil,0
irinotecan,fluorouracil,0
bevacizumab,fluorouracil,1
bevacizumab,leucovorin,1
bevacizumab,irinotecan,1
fluorouracil,leucovorin,1
fluorouracil,irinotecan,1
leucovorin,irinotecan,1
vincristine,etoposide,0
vincristine,doxorubicin,0
etoposide,doxorubicin,0
cisplatin,etoposide,1
cisplatin,cyclophosphamide,0
cisplatin,doxorubicin,0
cisplatin,vincristine,0
cisplatin,cyclophosphamide,0
cisplatin,etoposide,0
cisplatin,vincristine,0
cisplatin,etoposide,0
etoposide,cyclophosphamide,0
etoposide,doxorubicin,0
etoposide,vincristine,0
etoposide,cyclophosphamide,0
etoposide,etoposide,0
etoposide,vincristine,0
etoposide,etoposide,0
cyclophosphamide,doxorubicin,1
cyclophosphamide,vincristine,1
cyclophosphamide,cyclophosphamide,0
cyclophosphamide,etoposide,0
cyclophosphamide,vincristine,0
cyclophosphamide,etoposide,0
doxorubicin,vincristine,1
doxorubicin,cyclophosphamide,0
doxorubicin,etoposide,0
doxorubicin,vincristine,0
doxorubicin,etoposide,0
vincristine,cyclophosphamide,0
vincristine,etoposide,0
vincristine,vincristine,0
vincristine,etoposide,0
cyclophosphamide,etoposide,1
cyclophosphamide,vincristine,1
cyclophosphamide,etoposide,0
etoposide,vincristine,1
etoposide,etoposide,0
vincristine,etoposide,0
Tetracycline,chlortetracycline,0
nalidixic acid,metronidazole,1
nalidixic acid,metronidazole,0
metronidazole,metronidazole,0
propranolol,primidone,1
doxorubicin,vincristine,0
doxorubicin,etoposide,0
doxorubicin,cisplatin,0
doxorubicin,melphalan,0
vincristine,etoposide,0
vincristine,cisplatin,0
vincristine,melphalan,0
etoposide,cisplatin,0
etoposide,melphalan,0
cisplatin,melphalan,0
oxaliplatin,fluorouracil,1
pamidronate,thalidomide,1
doxorubicin,mitomycin,0
doxorubicin,cisplatin,0
doxorubicin,etoposide,0
mitomycin,cisplatin,0
mitomycin,etoposide,0
cisplatin,etoposide,0
TMC207,moxifloxacin,1
TMC207,pyrazinamide,1
TMC207,amikacin,0
TMC207,ethionamide,0
moxifloxacin,pyrazinamide,1
moxifloxacin,amikacin,1
moxifloxacin,ethionamide,1
pyrazinamide,amikacin,1
pyrazinamide,ethionamide,1
amikacin,ethionamide,1
Propranolol,Pembrolizumab,1
Iohexol,iodixanol,0
vinorelbine,paclitaxel,1
doxorubicin,etoposide,0
Sorafenib,Nivolumab,1
procarbazine,lomustine,1
procarbazine,vincristine,1
lomustine,vincristine,1
nivolumab,dacarbazine,0
LY3022855,durvalumab,1
LY3022855,tremelimumab,1
durvalumab,tremelimumab,0
vildagliptin,voglibose,1
cisplatin,carboplatin,0
cisplatin,etoposide,0
cisplatin,doxorubicin,0
carboplatin,etoposide,0
carboplatin,doxorubicin,0
etoposide,doxorubicin,0
gefitinib,erlotinib,0
gefitinib,afatinib,0
gefitinib,crizotinib,0
gefitinib,bevacizumab,0
erlotinib,afatinib,0
erlotinib,crizotinib,0
erlotinib,bevacizumab,0
afatinib,crizotinib,0
afatinib,bevacizumab,0
crizotinib,bevacizumab,0
paroxetine,fluvoxamine,1
sunitinib,bevacizumab,1
sunitinib,pazopanib,1
sunitinib,interferon-α,1
bevacizumab,pazopanib,1
bevacizumab,interferon-α,1
pazopanib,interferon-α,1
oxaliplatin,gemcitabine,1
cyclophosphamide,paclitaxel,1
Rituximab,melphalan,1
mefloquine,azithromycin,0
Pirfenidone,candesartan,0
Difluprednate,prednisolone,0
cyclophosphamide,procarbazine,1
cyclophosphamide,doxorubicin,1
cyclophosphamide,mitoxantrone,1
cyclophosphamide,etoposide,1
procarbazine,doxorubicin,1
procarbazine,mitoxantrone,1
procarbazine,etoposide,1
doxorubicin,mitoxantrone,1
doxorubicin,etoposide,1
mitoxantrone,etoposide,1
rituximab,cyclophosphamide,1
rituximab,doxorubicin,1
rituximab,vincristine,1
rituximab,prednisone,1
rituximab,rituximab,1
cyclophosphamide,doxorubicin,1
cyclophosphamide,vincristine,1
cyclophosphamide,prednisone,1
cyclophosphamide,rituximab,1
doxorubicin,vincristine,1
doxorubicin,prednisone,1
doxorubicin,rituximab,1
vincristine,prednisone,1
vincristine,rituximab,1
prednisone,rituximab,1
panobinostat,vorinostat,0
nitrendipine,nicardipine,0
BU,IPSA,1
BU,verapamil,1
BU,carbamazepine,1
IPSA,verapamil,1
IPSA,carbamazepine,1
verapamil,carbamazepine,1
docetaxel,trastuzumab,1
insulin-like growth factor-I,prednisolone,1
insulin-like growth factor-I,ursodeoxycholic acid,1
prednisolone,ursodeoxycholic acid,0
oxytocin,vasopressin,0
brinzolamide,brimonidine,0
Artemisinin,artemether,0
Artemisinin,artesunate,0
Artemisinin,dihydroartemisinin,0
Artemisinin,artemisinin,0
Artemisinin,artemisinin,0
artemether,artesunate,0
artemether,dihydroartemisinin,0
artemether,artemisinin,0
artemether,artemisinin,0
artesunate,dihydroartemisinin,0
artesunate,artemisinin,0
artesunate,artemisinin,0
dihydroartemisinin,artemisinin,0
dihydroartemisinin,artemisinin,0
artemisinin,artemisinin,0
gemcitabine,trabectedin,1
dinaciclib,flavopiridol,0
dinaciclib,regorafenib,1
dinaciclib,sorafenib,0
flavopiridol,regorafenib,1
flavopiridol,sorafenib,0
regorafenib,sorafenib,0
Levofloxacin,ambroxol,0
Cytarabine,etoposide,1
warfarin,lenvatinib,1
etoposide,doxorubicin,0
etoposide,cisplatin,0
etoposide,melphalan,0
doxorubicin,cisplatin,0
doxorubicin,melphalan,0
cisplatin,melphalan,0
cisplatin,carboplatin,0
cisplatin,etoposide,0
cisplatin,irinotecan,0
carboplatin,etoposide,0
carboplatin,irinotecan,0
etoposide,irinotecan,0
doxorubicin,etoposide,0
doxorubicin,4-OH-tamoxifen,0
etoposide,4-OH-tamoxifen,0
mitomycin,doxorubicin,0
topotecan,irinotecan,0
inosine,interferon alfa,0
inosine,ribavirin,0
inosine,Merimepodib,0
interferon alfa,ribavirin,1
interferon alfa,Merimepodib,1
ribavirin,Merimepodib,1
carbenicillin,gentamicin,0
cisplatin,gemcitabine,0
cisplatin,etoposide,0
cisplatin,doxorubicin,0
cisplatin,paclitaxel,0
gemcitabine,etoposide,0
gemcitabine,doxorubicin,0
gemcitabine,paclitaxel,0
etoposide,doxorubicin,0
etoposide,paclitaxel,0
doxorubicin,paclitaxel,0
etoposide,doxorubicin,0
etoposide,pirarubicin,0
doxorubicin,pirarubicin,0
doxorubicin,daunorubicin,0
doxorubicin,vincristine,0
doxorubicin,etoposide,0
daunorubicin,vincristine,0
daunorubicin,etoposide,0
vincristine,etoposide,0
endostatin,doxycycline,1
rapamycin,everolimus,0
rapamycin,temsirolimus,0
everolimus,temsirolimus,0
etoposide,doxorubicin,1
etoposide,cisplatin,1
etoposide,mitotane,1
doxorubicin,cisplatin,1
doxorubicin,mitotane,1
cisplatin,mitotane,1
Oxaliplatin,gemcitabine,1
docetaxel,abiraterone,0
docetaxel,enzalutamide,0
docetaxel,cabozantinib,0
docetaxel,carboplatin,0
docetaxel,cabazitaxel,0
abiraterone,enzalutamide,0
abiraterone,cabozantinib,0
abiraterone,carboplatin,0
abiraterone,cabazitaxel,0
enzalutamide,cabozantinib,0
enzalutamide,carboplatin,0
enzalutamide,cabazitaxel,0
cabozantinib,carboplatin,0
cabozantinib,cabazitaxel,0
carboplatin,cabazitaxel,0
bismuth,sucralfate,0
Doxorubicin,lapatinib,1
ritonavir,docetaxel,1
Ramucirumab,osimertinib,1
etoposide,cytarabine,1
etoposide,mitoxantrone,1
cytarabine,mitoxantrone,1
cyclosporine,tacrolimus,0
cyclosporine,tacrolimus,0
cyclosporine,cyclosporine,0
tacrolimus,tacrolimus,0
tacrolimus,cyclosporine,0
tacrolimus,cyclosporine,0
Isoniazid,streptomycin,0
Isoniazid,rifampin,0
Isoniazid,ethambutol,0
streptomycin,rifampin,0
streptomycin,ethambutol,0
rifampin,ethambutol,0
methamphetamine,haloperidol,1
methamphetamine,haloperidol,0
haloperidol,haloperidol,0
cyclophosphamide,daclizumab,0
cyclophosphamide,denileukin diftitox,0
daclizumab,denileukin diftitox,0
vancomycin,ampicillin,1
etoposide,prednisone,1
etoposide,vincristine,1
etoposide,cyclophosphamide,1
etoposide,doxorubicin,1
prednisone,vincristine,1
prednisone,cyclophosphamide,1
prednisone,doxorubicin,1
vincristine,cyclophosphamide,1
vincristine,doxorubicin,1
cyclophosphamide,doxorubicin,1
Tremelimumab,gemcitabine,1
etoposide,doxorubicin,0
capecitabine,lapatinib,1
Apalutamide,Abiraterone,1
Apalutamide,Prednisone,1
Abiraterone,Prednisone,1
nintedanib,letrozole,1
trastuzumab,vinorelbine,1
carboplatin,ifosfamide,1
carboplatin,Dex,1
carboplatin,GM-CSF,1
ifosfamide,Dex,1
ifosfamide,GM-CSF,1
Dex,GM-CSF,0
methylprednisolone,prednisolone,1
methylprednisolone,tacrolimus,1
prednisolone,tacrolimus,1
vinorelbine,pemetrexed,1
vinorelbine,imexon,1
pemetrexed,imexon,1
enalapril,atenolol,0
enalapril,enalapril,0
enalapril,atenolol,0
enalapril,enalapril,0
enalapril,atenolol,0
enalapril,enalapril,0
enalapril,atenolol,0
atenolol,enalapril,0
atenolol,atenolol,0
atenolol,enalapril,0
atenolol,atenolol,0
atenolol,enalapril,0
atenolol,atenolol,0
enalapril,atenolol,1
enalapril,enalapril,0
enalapril,atenolol,0
enalapril,enalapril,0
enalapril,atenolol,0
atenolol,enalapril,0
atenolol,atenolol,0
atenolol,enalapril,0
atenolol,atenolol,0
enalapril,atenolol,0
enalapril,enalapril,0
enalapril,atenolol,0
atenolol,enalapril,0
atenolol,atenolol,0
enalapril,atenolol,0
fluorouracil,folinic acid,1
fluorouracil,oxaliplatin,1
folinic acid,oxaliplatin,1
Bevacizumab,interferon alfa,1
YM155,rituximab,1
droperidol,dolasetron,0
doxycycline,azithromycin,0
carboplatin,gemcitabine,1
carboplatin,carboplatin,0
gemcitabine,carboplatin,0
betamethasone,tazarotene,1
Valsartan,sulfasalazine,1
Mitoxantrone,Glatiramer,0
5-fluorouracil,oxaliplatin,1
5-fluorouracil,irinotecan,1
oxaliplatin,irinotecan,1
aspirin,naproxen,0
aspirin,sulindac,0
aspirin,celecoxib,0
aspirin,licofelone,0
naproxen,sulindac,0
naproxen,celecoxib,0
naproxen,licofelone,0
sulindac,celecoxib,0
sulindac,licofelone,0
celecoxib,licofelone,0
Lenalidomide,bortezomib,0
mefloquine,praziquantel,1
mefloquine,praziquantel,0
mefloquine,mefloquine,0
praziquantel,praziquantel,0
praziquantel,mefloquine,0
praziquantel,mefloquine,0
trastuzumab,epirubicin,1
doxorubicin,cyclophosphamide,1
doxorubicin,paclitaxel,1
doxorubicin,trastuzumab,1
cyclophosphamide,paclitaxel,1
cyclophosphamide,trastuzumab,1
paclitaxel,trastuzumab,1
Bupropion,nicotine,1
amoxicillin,clarithromycin,0
amoxicillin,metronidazole,0
amoxicillin,tetracycline,0
amoxicillin,levofloxacin,0
clarithromycin,metronidazole,0
clarithromycin,tetracycline,0
clarithromycin,levofloxacin,0
metronidazole,tetracycline,0
metronidazole,levofloxacin,0
tetracycline,levofloxacin,0
tetracycline,streptomycin,0
Meropenem,vancomycin,0
glycopyrrolate,atropine,0
glycopyrrolate,glycopyrrolate,0
atropine,glycopyrrolate,0
doxorubicin/cyclophosphamide,paclitaxel,0
doxorubicin/cyclophosphamide,trastuzumab,1
doxorubicin/cyclophosphamide,vinorelbine,0
doxorubicin/cyclophosphamide,trastuzumab,0
paclitaxel,trastuzumab,1
paclitaxel,vinorelbine,0
paclitaxel,trastuzumab,0
trastuzumab,vinorelbine,0
trastuzumab,trastuzumab,0
vinorelbine,trastuzumab,1
Peginterferon alfa-2a,ribavirin,1
pyrimethamine,mefloquine,0
erlotinib,celecoxib,1
docetaxel,cetuximab,0
docetaxel,methotrexate,0
docetaxel,carboplatin,0
docetaxel,5-fluorouracil,0
docetaxel,everolimus,0
cetuximab,methotrexate,0
cetuximab,carboplatin,0
cetuximab,5-fluorouracil,0
cetuximab,everolimus,0
methotrexate,carboplatin,0
methotrexate,5-fluorouracil,0
methotrexate,everolimus,0
carboplatin,5-fluorouracil,0
carboplatin,everolimus,0
5-fluorouracil,everolimus,0
verapamil,trifluoperazine,0
verapamil,reserpine,0
trifluoperazine,reserpine,0
vincristine,etoposide,0
vincristine,cisplatin,0
vincristine,cytarabine,0
vincristine,paclitaxel,0
etoposide,cisplatin,0
etoposide,cytarabine,0
etoposide,paclitaxel,0
cisplatin,cytarabine,0
cisplatin,paclitaxel,0
cytarabine,paclitaxel,0
lamivudine,adefovir,1
aspirin,aspirin,0
aspirin,metoclopramide,0
aspirin,metoclopramide,1
neratinib,emtansine,0
neratinib,trastuzumab deruxtecan,0
emtansine,trastuzumab deruxtecan,0
adalimumab,methotrexate,1
adalimumab,adalimumab,0
methotrexate,adalimumab,0
lapatinib,irinotecan,1
atorvastatin,sulfamethoxazole,0
atorvastatin,carbamazepine,0
atorvastatin,levofloxacin,0
atorvastatin,sertraline,0
atorvastatin,trimethoprim,0
sulfamethoxazole,carbamazepine,0
sulfamethoxazole,levofloxacin,0
sulfamethoxazole,sertraline,0
sulfamethoxazole,trimethoprim,0
carbamazepine,levofloxacin,0
carbamazepine,sertraline,0
carbamazepine,trimethoprim,0
levofloxacin,sertraline,0
levofloxacin,trimethoprim,0
sertraline,trimethoprim,0
meglumine,iopamidol,0
meglumine,iohexol,0
iopamidol,iohexol,0
cisplatin,vincristine,1
cisplatin,bleomycin,1
vincristine,bleomycin,1
bupropion,nicotine,1
azithromycin,doxycycline,0
cabazitaxel,mitoxantrone,0
vincristine,actinomycin D,1
vincristine,cyclophosphamide,1
vincristine,etoposide,1
vincristine,cisplatin,1
actinomycin D,cyclophosphamide,1
actinomycin D,etoposide,1
actinomycin D,cisplatin,1
cyclophosphamide,etoposide,1
cyclophosphamide,cisplatin,1
etoposide,cisplatin,1
rituximab,cyclophosphamide,1
rituximab,vincristine,1
rituximab,doxorubicin,1
rituximab,methotrexate/ifosfamide,1
rituximab,etoposide,1
rituximab,cytarabine,1
cyclophosphamide,vincristine,1
cyclophosphamide,doxorubicin,1
cyclophosphamide,methotrexate/ifosfamide,1
cyclophosphamide,etoposide,1
cyclophosphamide,cytarabine,1
vincristine,doxorubicin,1
vincristine,methotrexate/ifosfamide,1
vincristine,etoposide,1
vincristine,cytarabine,1
doxorubicin,methotrexate/ifosfamide,1
doxorubicin,etoposide,1
doxorubicin,cytarabine,1
methotrexate/ifosfamide,etoposide,1
methotrexate/ifosfamide,cytarabine,1
etoposide,cytarabine,1
topotecan,etoposide,0
topotecan,doxorubicin,0
topotecan,vincristine,0
etoposide,doxorubicin,0
etoposide,vincristine,0
doxorubicin,vincristine,0
nifuratel,amoxicillin,1
nifuratel,bismuth,1
amoxicillin,bismuth,1
anthracycline,etoposide,1
anthracycline,behenoyl cytarabine,1
etoposide,behenoyl cytarabine,1
clopidogrel,aspirin,0
clopidogrel,ASA,1
aspirin,ASA,0
Raloxifene,letrozole,1
flutamide,leuprolide acetate,1
flutamide,leuprolide acetate,0
leuprolide acetate,leuprolide acetate,0
desogestrel,levonorgestrel,1
clarithromycin,amoxicillin,0
clarithromycin,gentamicin,0
clarithromycin,furazolidone,0
clarithromycin,metronidazole,0
clarithromycin,levofloxacin,0
amoxicillin,gentamicin,0
amoxicillin,furazolidone,0
amoxicillin,metronidazole,0
amoxicillin,levofloxacin,0
gentamicin,furazolidone,0
gentamicin,metronidazole,0
gentamicin,levofloxacin,0
furazolidone,metronidazole,0
furazolidone,levofloxacin,0
metronidazole,levofloxacin,0
guaifenesin,diphenhydramine,1
guaifenesin,chlorpheniramine,1
diphenhydramine,chlorpheniramine,1
vincristine,actinomycin D,1
vincristine,cyclophosphamide,1
vincristine,doxorubicin,1
vincristine,vincristine,0
vincristine,doxorubicin,0
vincristine,cyclophosphamide,0
vincristine,ifosfamide,0
vincristine,etoposide,0
actinomycin D,cyclophosphamide,1
actinomycin D,doxorubicin,1
actinomycin D,vincristine,0
actinomycin D,doxorubicin,0
actinomycin D,cyclophosphamide,0
actinomycin D,ifosfamide,0
actinomycin D,etoposide,0
cyclophosphamide,doxorubicin,1
cyclophosphamide,vincristine,0
cyclophosphamide,doxorubicin,0
cyclophosphamide,cyclophosphamide,0
cyclophosphamide,ifosfamide,0
cyclophosphamide,etoposide,0
doxorubicin,vincristine,0
doxorubicin,doxorubicin,0
doxorubicin,cyclophosphamide,0
doxorubicin,ifosfamide,0
doxorubicin,etoposide,0
vincristine,doxorubicin,1
vincristine,cyclophosphamide,1
vincristine,ifosfamide,1
vincristine,etoposide,1
doxorubicin,cyclophosphamide,1
doxorubicin,ifosfamide,1
doxorubicin,etoposide,1
cyclophosphamide,ifosfamide,1
cyclophosphamide,etoposide,1
ifosfamide,etoposide,1
Ceftriaxone,gentamicin,1
Ceftriaxone,ceftriaxone,0
gentamicin,ceftriaxone,0
acamprosate,naltrexone,1
atovaquone,pyrimethamine,1
tenofovir,emtricitabine,1
tenofovir,raltegravir,1
tenofovir,TVR,1
emtricitabine,raltegravir,1
emtricitabine,TVR,1
raltegravir,TVR,1
Ampicillin,Tobramycin,0
azithromycin,doxycycline,1
cefazolin,cephapirin,0
lactose,lactose,0
lactose,xylose,0
lactose,xylose,0
rapamycin,doxycycline,1
prednisolone,cyclophosphamide,1
prednisolone,vincristine,1
prednisolone,prednisone,1
prednisolone,methotrexate,1
prednisolone,psoralen-ultraviolet-A,1
prednisolone,procarbacine,1
prednisolone,citrovorum,1
cyclophosphamide,vincristine,1
cyclophosphamide,prednisone,1
cyclophosphamide,methotrexate,1
cyclophosphamide,psoralen-ultraviolet-A,1
cyclophosphamide,procarbacine,1
cyclophosphamide,citrovorum,1
vincristine,prednisone,1
vincristine,methotrexate,1
vincristine,psoralen-ultraviolet-A,1
vincristine,procarbacine,1
vincristine,citrovorum,1
prednisone,methotrexate,1
prednisone,psoralen-ultraviolet-A,1
prednisone,procarbacine,1
prednisone,citrovorum,1
methotrexate,psoralen-ultraviolet-A,1
methotrexate,procarbacine,1
methotrexate,citrovorum,1
psoralen-ultraviolet-A,procarbacine,1
psoralen-ultraviolet-A,citrovorum,1
procarbacine,citrovorum,1
bevacizumab,cetuximab,0
Vinorelbine,Gemcitabine,1
etoposide,colchicine,1
carboplatin,paclitaxel,1
vincristine,cyclophosphamide,1
vincristine,doxorubicin,1
vincristine,prednisone,1
vincristine,doxorubicin,1
vincristine,ranimustine,1
vincristine,prednisone,1
vincristine,etoposide,1
vincristine,carboplatin,1
vincristine,prednisone,1
vincristine,vindesine,1
cyclophosphamide,doxorubicin,1
cyclophosphamide,prednisone,1
cyclophosphamide,doxorubicin,1
cyclophosphamide,ranimustine,1
cyclophosphamide,prednisone,1
cyclophosphamide,etoposide,1
cyclophosphamide,carboplatin,1
cyclophosphamide,prednisone,1
cyclophosphamide,vindesine,1
doxorubicin,prednisone,1
doxorubicin,doxorubicin,1
doxorubicin,ranimustine,1
doxorubicin,prednisone,1
doxorubicin,etoposide,1
doxorubicin,carboplatin,1
doxorubicin,prednisone,1
doxorubicin,vindesine,1
prednisone,doxorubicin,1
prednisone,ranimustine,1
prednisone,prednisone,1
prednisone,etoposide,1
prednisone,carboplatin,1
prednisone,prednisone,1
prednisone,vindesine,1
doxorubicin,ranimustine,1
doxorubicin,prednisone,1
doxorubicin,etoposide,1
doxorubicin,carboplatin,1
doxorubicin,prednisone,1
doxorubicin,vindesine,1
ranimustine,prednisone,1
ranimustine,etoposide,1
ranimustine,carboplatin,1
ranimustine,prednisone,1
ranimustine,vindesine,1
prednisone,etoposide,1
prednisone,carboplatin,1
prednisone,prednisone,1
prednisone,vindesine,1
etoposide,carboplatin,1
etoposide,prednisone,1
etoposide,vindesine,1
carboplatin,prednisone,1
carboplatin,vindesine,1
prednisone,vindesine,1
naproxen,dexamethasone,0
trastuzumab,lapatinib,1
voriconazole,hydrochlorothiazide,0
Sorafenib,bevacizumab,1
Sorafenib,ixabepilone,1
Sorafenib,gemcitabine,1
Sorafenib,capecitabine,1
Sorafenib,tamoxifen,1
bevacizumab,ixabepilone,0
bevacizumab,gemcitabine,0
bevacizumab,capecitabine,0
bevacizumab,tamoxifen,0
ixabepilone,gemcitabine,0
ixabepilone,capecitabine,0
ixabepilone,tamoxifen,0
gemcitabine,capecitabine,0
gemcitabine,tamoxifen,0
capecitabine,tamoxifen,0
paclitaxel,cisplatin,1
paclitaxel,carboplatin,1
cisplatin,carboplatin,0
neomycin,lactitol,0
cis-platinum,carboplatin,0
cis-platinum,oxaliplatin,0
cis-platinum,Hyperthermia,1
carboplatin,oxaliplatin,0
carboplatin,Hyperthermia,1
oxaliplatin,Hyperthermia,1
5-fluorouracil,oxaliplatin,1
5-fluorouracil,leucovorin,1
oxaliplatin,leucovorin,1
trastuzumab,capecitabine,1
trastuzumab,Cisplatin,1
capecitabine,Cisplatin,1
Sulpiride,hydroxyzine,1
anastrozole,tamoxifen,0
tissue plasminogen activator,heparin,1
tissue plasminogen activator,prostaglandin E1,1
heparin,prostaglandin E1,1
Roxithromycin,clarithromycin,1
etoposide,vinblastine,1
etoposide,doxorubicin,1
etoposide,etoposide,0
etoposide,bleomycin,0
etoposide,dacarbazine,0
vinblastine,doxorubicin,1
vinblastine,etoposide,0
vinblastine,bleomycin,1
vinblastine,dacarbazine,1
doxorubicin,etoposide,0
doxorubicin,bleomycin,1
doxorubicin,dacarbazine,1
etoposide,bleomycin,0
etoposide,dacarbazine,0
bleomycin,dacarbazine,1
gemcitabine,vinorelbine,0
gemcitabine,irinotecan,0
vinorelbine,irinotecan,0
Carvedilol,imatinib,1
cytarabine,sorafenib,1
panitumumab,cetuximab,1
ABT-450,ritonavir,1
ABT-450,ombitasvir,1
ABT-450,dasabuvir,1
ABT-450,cyclosporine,1
ABT-450,tacrolimus,1
ritonavir,ombitasvir,1
ritonavir,dasabuvir,1
ritonavir,cyclosporine,1
ritonavir,tacrolimus,1
ombitasvir,dasabuvir,1
ombitasvir,cyclosporine,1
ombitasvir,tacrolimus,1
dasabuvir,cyclosporine,1
dasabuvir,tacrolimus,1
cyclosporine,tacrolimus,0
estrone,diethylstilbestrol,0
dihydroartemisinin,artesunate,0
dihydroartemisinin,artemether,0
artesunate,artemether,0
dipyridamole,aspirin,1
dipyridamole,dipyridamole,1
aspirin,dipyridamole,1
cyclophosphamide,methotrexate,1
cyclophosphamide,fluorouracil,1
methotrexate,fluorouracil,1
lapatinib,capecitabine,1
histamine,pyrilamine,0
histamine,ranitidine,0
histamine,morphine,0
histamine,naloxone,0
pyrilamine,ranitidine,0
pyrilamine,morphine,0
pyrilamine,naloxone,0
ranitidine,morphine,0
ranitidine,naloxone,0
morphine,naloxone,0
curcumin,doxorubicin,1
carbamazepine,phenytoin,0
olaparib,carboplatin,1
olaparib,paclitaxel,1
carboplatin,paclitaxel,1
Abiraterone,pregnenolone,0
mefloquine,halofantrine,0
mefloquine,primaquine,0
mefloquine,atovaquone,0
mefloquine,artesunate,0
halofantrine,primaquine,0
halofantrine,atovaquone,0
halofantrine,artesunate,0
primaquine,atovaquone,0
primaquine,artesunate,0
atovaquone,artesunate,0
decitabine,cytarabine,1
decitabine,aclarubicin,1
cytarabine,aclarubicin,1
diclofenac,ketoprofen,0
Pertuzumab,trastuzumab,1
Pertuzumab,docetaxel,1
trastuzumab,docetaxel,1
sorafenib,regorafenib,1
sorafenib,lenvatinib,1
regorafenib,lenvatinib,0
boceprevir,telaprevir,0
boceprevir,peginterferon-alfa,1
boceprevir,ribavirin,1
telaprevir,peginterferon-alfa,1
telaprevir,ribavirin,1
peginterferon-alfa,ribavirin,1
bicalutamide,enzalutamide,0
bicalutamide,plumbagin,1
enzalutamide,plumbagin,1
venetoclax,cytarabine,1
vincristine,bleomycin,1
vincristine,methotrexate,1
bleomycin,methotrexate,1
labetalol,prazosin,1
labetalol,nifedipine,1
prazosin,nifedipine,1
Ipilimumab,Pembrolizumab,0
Ipilimumab,Nivolumab,0
Pembrolizumab,Nivolumab,0
anastrozole,tamoxifen,0
amphotericin,miconazole,1
amphotericin,clotrimazole,1
amphotericin,triphenyltin isoselenocyanate 4-picoline,1
miconazole,clotrimazole,1
miconazole,triphenyltin isoselenocyanate 4-picoline,1
clotrimazole,triphenyltin isoselenocyanate 4-picoline,1
Everolimus,bevacizumab,1
Everolimus,mFOLFOX-6,1
bevacizumab,mFOLFOX-6,1
Bevacizumab,Ranibizumab,0
Bevacizumab,Aflibercept,0
Ranibizumab,Aflibercept,0
ceftriaxone,spectinomycin,0
ceftriaxone,penicillin,0
ceftriaxone,tetracycline,0
ceftriaxone,ciprofloxacin,0
ceftriaxone,cefixime,0
spectinomycin,penicillin,0
spectinomycin,tetracycline,0
spectinomycin,ciprofloxacin,0
spectinomycin,cefixime,0
penicillin,tetracycline,0
penicillin,ciprofloxacin,0
penicillin,cefixime,0
tetracycline,ciprofloxacin,0
tetracycline,cefixime,0
ciprofloxacin,cefixime,0
sunitinib,everolimus,0
paclitaxel,carboplatin,1
paclitaxel,paclitaxel,0
paclitaxel,carboplatin,0
carboplatin,paclitaxel,0
carboplatin,carboplatin,0
paclitaxel,carboplatin,0
pertuzumab,docetaxel,1
vorinostat,doxorubicin,1
VM26,ifosfamide,1
VM26,"methyl GAG ,",1
VM26,mitoxantrone,1
VM26,adriamycin,1
VM26,methotrexate,1
VM26,Ara C,1
ifosfamide,"methyl GAG ,",1
ifosfamide,mitoxantrone,1
ifosfamide,adriamycin,1
ifosfamide,methotrexate,1
ifosfamide,Ara C,1
"methyl GAG ,",mitoxantrone,1
"methyl GAG ,",adriamycin,1
"methyl GAG ,",methotrexate,1
"methyl GAG ,",Ara C,1
mitoxantrone,adriamycin,0
mitoxantrone,methotrexate,1
mitoxantrone,Ara C,1
adriamycin,methotrexate,1
adriamycin,Ara C,1
methotrexate,Ara C,1
Cyclophosphamide,Doxorubicin,1
Cyclophosphamide,Vincristine,1
Cyclophosphamide,Etoposide,1
Cyclophosphamide,Prednisone,1
Doxorubicin,Vincristine,1
Doxorubicin,Etoposide,1
Doxorubicin,Prednisone,1
Vincristine,Etoposide,1
Vincristine,Prednisone,1
Etoposide,Prednisone,1
gemcitabine,gemcitabine,0
gemcitabine,pertuzumab,0
gemcitabine,pertuzumab,1
verapamil,reserpine,0
thiotepa,5FU,1
thiotepa,leucovorin,1
5FU,leucovorin,1
cisplatin,fluorouracil,1
cisplatin,leucovorin,1
cisplatin,cisplatin,0
fluorouracil,leucovorin,1
fluorouracil,cisplatin,0
leucovorin,cisplatin,0
epinephrine,platelet activating factor,0
paclitaxel,vinorelbine,0
l-leucine,metformin,1
l-leucine,sildenafil,1
metformin,sildenafil,1
linezolid,levofloxacin,1
tamsulosin,dutasteride,1
perindopril,indapamide,1
azacitidine,fludarabine,0
azacitidine,cytarabine,0
fludarabine,cytarabine,1
dabrafenib,nivolumab,0
dabrafenib,ipilimumab,0
dabrafenib,vemurafenib,0
dabrafenib,nivolumab,0
dabrafenib,pembrolizumab,0
nivolumab,ipilimumab,1
nivolumab,vemurafenib,0
nivolumab,nivolumab,0
nivolumab,pembrolizumab,0
ipilimumab,vemurafenib,0
ipilimumab,nivolumab,0
ipilimumab,pembrolizumab,0
vemurafenib,nivolumab,0
vemurafenib,pembrolizumab,0
nivolumab,pembrolizumab,0
etoposide,doxorubicin,0
etoposide,vinblastine,0
etoposide,vincristine,0
doxorubicin,vinblastine,0
doxorubicin,vincristine,0
vinblastine,vincristine,0
carboplatin,paclitaxel,1
docetaxel,prednisone,1
docetaxel,pazopanib,1
prednisone,pazopanib,1
paromomycin,gentamicin,1
bortezomib,dexamethasone,1
Meropenem,Vancomycin,0
Ribociclib,Abemaciclib,0
nivolumab,ipilimumab,1
cyclosporin,escitalopram,1
cyclosporin,escitalopram,0
cyclosporin,escitalopram,0
escitalopram,escitalopram,0
escitalopram,escitalopram,0
escitalopram,escitalopram,0
mezlocillin,carbenicillin,0
mezlocillin,aminoglycoside,1
mezlocillin,aminoglycoside,0
carbenicillin,aminoglycoside,0
carbenicillin,aminoglycoside,1
aminoglycoside,aminoglycoside,0
cisplatinum,cyclophosphamide,1
cisplatinum,Lenograstim,1
cyclophosphamide,Lenograstim,1
caspofungin,voriconazole,0
caspofungin,amphotericin,0
caspofungin,amphotericin,0
voriconazole,amphotericin,0
voriconazole,amphotericin,0
amphotericin,amphotericin,0
Ifosfamide,doxorubicin,1
Celecoxib,Sertraline,1
streptomycin,isoniazid,0
streptomycin,ethambutol,0
isoniazid,ethambutol,0
ruxolitinib,lestaurtinib,0
ruxolitinib,everolimus,0
lestaurtinib,everolimus,0
delanzomib,carfilzomib,0
delanzomib,ixazomib,0
carfilzomib,ixazomib,0
rituximab,cyclophosphamide,1
rituximab,steroids,1
cyclophosphamide,steroids,1
bleomycin,etoposide,1
bleomycin,doxorubicin,1
bleomycin,cyclophosphamide,1
bleomycin,vincristine,1
bleomycin,procarbazine,1
bleomycin,prednisone,1
bleomycin,doxorubicin,0
bleomycin,vinblastine,0
bleomycin,dacarbazine,0
bleomycin,bleomycin,0
etoposide,doxorubicin,1
etoposide,cyclophosphamide,1
etoposide,vincristine,1
etoposide,procarbazine,1
etoposide,prednisone,1
etoposide,doxorubicin,0
etoposide,vinblastine,0
etoposide,dacarbazine,0
etoposide,bleomycin,0
doxorubicin,cyclophosphamide,1
doxorubicin,vincristine,1
doxorubicin,procarbazine,1
doxorubicin,prednisone,1
doxorubicin,doxorubicin,0
doxorubicin,vinblastine,0
doxorubicin,dacarbazine,0
doxorubicin,bleomycin,0
cyclophosphamide,vincristine,1
cyclophosphamide,procarbazine,1
cyclophosphamide,prednisone,1
cyclophosphamide,doxorubicin,0
cyclophosphamide,vinblastine,0
cyclophosphamide,dacarbazine,0
cyclophosphamide,bleomycin,0
vincristine,procarbazine,1
vincristine,prednisone,1
vincristine,doxorubicin,0
vincristine,vinblastine,0
vincristine,dacarbazine,0
vincristine,bleomycin,0
procarbazine,prednisone,1
procarbazine,doxorubicin,0
procarbazine,vinblastine,0
procarbazine,dacarbazine,0
procarbazine,bleomycin,0
prednisone,doxorubicin,0
prednisone,vinblastine,0
prednisone,dacarbazine,0
prednisone,bleomycin,0
doxorubicin,vinblastine,1
doxorubicin,dacarbazine,1
doxorubicin,bleomycin,1
vinblastine,dacarbazine,1
vinblastine,bleomycin,1
dacarbazine,bleomycin,1
DPDPE,propranolol,1
DPDPE,CGRP(8,1
propranolol,CGRP(8,1
amphotericin,itraconazole,1
capecitabine,paclitaxel,1
nifedipine,nicorandil,0
epirubicin,doxorubicin,0
irbesartan,hydrochlorothiazide,1
fludarabine,hydroxyurea,0
olprinone,nicardipine,1
Telmisartan,candesartan,0
azithromycin,doxycycline,0
halofantrine,mefloquine,0
genistein,curcumin,0
genistein,resveratrol,0
curcumin,resveratrol,0
paroxetine,risperidone,1
etoposide,vincristine,1
etoposide,doxorubicin,1
etoposide,cyclophosphamide,1
etoposide,prednisone,1
etoposide,bortezomib,1
vincristine,doxorubicin,1
vincristine,cyclophosphamide,1
vincristine,prednisone,1
vincristine,bortezomib,1
doxorubicin,cyclophosphamide,1
doxorubicin,prednisone,1
doxorubicin,bortezomib,1
cyclophosphamide,prednisone,1
cyclophosphamide,bortezomib,1
prednisone,bortezomib,1
clozapine,olanzapine,1
clozapine,quetiapine,1
olanzapine,quetiapine,1
Paclitaxel,bevacizumab,1
Dabigatran,Lepirudin,0
azithromycin,doxycycline,0
formoterol,budesonide,1
gefitinib,gefitinib,0
gefitinib,erlotinib,1
gefitinib,bevacizumab,1
gefitinib,erlotinib,0
gefitinib,bevacizumab,0
erlotinib,bevacizumab,1
olmesartan medoxomil,amlodipine,1
olmesartan medoxomil,HCTZ,1
amlodipine,HCTZ,1
telmisartan,hydrochlorothiazide,1
rapamycin,temsirolimus,0
rapamycin,sorafenib,0
temsirolimus,sorafenib,1
cyclophosphamide,doxorubicin,1
cyclophosphamide,cisplatin,1
cyclophosphamide,etoposide,1
doxorubicin,cisplatin,1
doxorubicin,etoposide,1
cisplatin,etoposide,1
atorvastatin,pravastatin,0
atorvastatin,simvastatin,0
pravastatin,simvastatin,0
trabectedin,gemcitabine,1
alemtuzumab,bendamustine,0
vincristine,doxorubicin,1
vincristine,ifosfamide,1
vincristine,etoposide,1
doxorubicin,ifosfamide,1
doxorubicin,etoposide,1
ifosfamide,etoposide,1
gemcitabine,mitoxantrone,1
cinnamaldehyde,citral,0
cinnamaldehyde,eugenol,0
cinnamaldehyde,geraniol,0
cinnamaldehyde,fluconazole,1
cinnamaldehyde,amphotericin,0
citral,eugenol,0
citral,geraniol,0
citral,fluconazole,0
citral,amphotericin,0
eugenol,geraniol,0
eugenol,fluconazole,0
eugenol,amphotericin,0
geraniol,fluconazole,0
geraniol,amphotericin,0
fluconazole,amphotericin,0
trastuzumab,pertuzumab,1
trastuzumab,trastuzumab emtansine,1
trastuzumab,pertuzumab,1
pertuzumab,trastuzumab emtansine,1
pertuzumab,pertuzumab,1
trastuzumab emtansine,pertuzumab,1
cetuximab,conatumumab,0
cetuximab,conatumumab,0
cetuximab,cetuximab,0
conatumumab,conatumumab,0
conatumumab,cetuximab,0
conatumumab,cetuximab,0
amphotericin,Miltefosine,1
verapamil,etoposide,1
verapamil,doxorubicin,1
verapamil,vincristine,1
etoposide,doxorubicin,0
etoposide,vincristine,0
doxorubicin,vincristine,0
sunitinib,sorafenib,0
sunitinib,temsirolimus,0
sunitinib,everolimus,0
sorafenib,temsirolimus,0
sorafenib,everolimus,0
temsirolimus,everolimus,0
trametinib,palbociclib,1
sulfisoxazole,sulfamethoxazole,0
aspirin,clopidogrel,0
FOLFOXIRI,5-fluorouracil,0
FOLFOXIRI,5-FU,0
FOLFOXIRI,irinotecan,0
FOLFOXIRI,oxaliplatin,0
5-fluorouracil,5-FU,0
5-fluorouracil,irinotecan,0
5-fluorouracil,oxaliplatin,0
5-FU,irinotecan,1
5-FU,oxaliplatin,1
irinotecan,oxaliplatin,1
antibodies,ibrutinib,1
antibodies,idelalisib,1
antibodies,lenalidomide,1
ibrutinib,idelalisib,0
ibrutinib,lenalidomide,0
idelalisib,lenalidomide,0
quinine,mefloquine,1
quinine,halofantrine,1
mefloquine,halofantrine,0
ifosfamide,etoposide,1
goserelin acetate,tamoxifen,1
docetaxel,fluorouracil,1
docetaxel,hydroxyurea,1
docetaxel,docetaxel,0
docetaxel,cisplatin,0
docetaxel,fluorouracil,0
fluorouracil,hydroxyurea,1
fluorouracil,docetaxel,0
fluorouracil,cisplatin,0
fluorouracil,fluorouracil,0
hydroxyurea,docetaxel,0
hydroxyurea,cisplatin,0
hydroxyurea,fluorouracil,0
docetaxel,cisplatin,1
docetaxel,fluorouracil,1
cisplatin,fluorouracil,1
afatinib,crizotinib,0
afatinib,osimertinib,0
afatinib,erlotinib,0
afatinib,nintedanib,0
crizotinib,osimertinib,0
crizotinib,erlotinib,0
crizotinib,nintedanib,0
osimertinib,erlotinib,0
osimertinib,nintedanib,0
erlotinib,nintedanib,0
sildenafil,sildenafil,0
sildenafil,bosentan,0
sildenafil,bosentan,1
azathioprine,infliximab,1
azathioprine,azathioprine,0
infliximab,azathioprine,0
Enzalutamide,Casodex,0
Enzalutamide,Bicalutamide,0
Casodex,Bicalutamide,0
ketoconazole,hydrocortisone,1
betahistine,oxcarbazepine,1
betahistine,carbamazepine,1
oxcarbazepine,carbamazepine,0
Sorafenib,gemcitabine,1
Rapamycin,Selumetinib,1
Rapamycin,NVP-BEZ235,0
Rapamycin,PF-4708671,0
Selumetinib,NVP-BEZ235,1
Selumetinib,PF-4708671,1
NVP-BEZ235,PF-4708671,0
Vinorelbine,ifosfamide,1
Vinorelbine,cisplatin,1
ifosfamide,cisplatin,1
drospirenone,ethinyl estradiol,1
5-fluorouracil,5-Fu,0
5-fluorouracil,cisplatin,0
5-fluorouracil,CDDP,0
5-fluorouracil,mitomycin,0
5-fluorouracil,MMC,0
5-fluorouracil,etoposide,0
5-fluorouracil,doxorubicin,0
5-fluorouracil,ADM,0
5-fluorouracil,vindesine sulfate,0
5-fluorouracil,VDS,0
5-Fu,cisplatin,0
5-Fu,CDDP,0
5-Fu,mitomycin,0
5-Fu,MMC,0
5-Fu,etoposide,0
5-Fu,doxorubicin,0
5-Fu,ADM,0
5-Fu,vindesine sulfate,0
5-Fu,VDS,0
cisplatin,CDDP,0
cisplatin,mitomycin,0
cisplatin,MMC,0
cisplatin,etoposide,0
cisplatin,doxorubicin,0
cisplatin,ADM,0
cisplatin,vindesine sulfate,0
cisplatin,VDS,0
CDDP,mitomycin,0
CDDP,MMC,0
CDDP,etoposide,0
CDDP,doxorubicin,0
CDDP,ADM,0
CDDP,vindesine sulfate,0
CDDP,VDS,0
mitomycin,MMC,0
mitomycin,etoposide,0
mitomycin,doxorubicin,0
mitomycin,ADM,0
mitomycin,vindesine sulfate,0
mitomycin,VDS,0
MMC,etoposide,0
MMC,doxorubicin,0
MMC,ADM,0
MMC,vindesine sulfate,0
MMC,VDS,0
etoposide,doxorubicin,0
etoposide,ADM,0
etoposide,vindesine sulfate,0
etoposide,VDS,0
doxorubicin,ADM,0
doxorubicin,vindesine sulfate,0
doxorubicin,VDS,0
ADM,vindesine sulfate,0
ADM,VDS,0
vindesine sulfate,VDS,0
ticagrelor,clopidogrel,1
methotrexate,probenecid,1
methotrexate,salicylates,1
methotrexate,penicillin,1
methotrexate,methotrexate,0
probenecid,salicylates,0
probenecid,penicillin,0
probenecid,methotrexate,0
salicylates,penicillin,0
salicylates,methotrexate,0
penicillin,methotrexate,0
Doxorubicin,Cyclophosphamide,1
Doxorubicin,Paclitaxel,1
Cyclophosphamide,Paclitaxel,1
chloroquine,proguanil,1
chloroquine,mefloquine,0
proguanil,mefloquine,0
cetuximab,oxaliplatin,1
L-carnitine,doxorubicin,1
gemcitabine,fluorouracil,0
rituximab,abatacept,0
rituximab,tocilizumab,0
abatacept,tocilizumab,0
halothane,reserpine,0
halothane,halothane,0
halothane,haloperidol,0
halothane,veratridine,0
halothane,6-OHDA,0
halothane,raclopride,0
reserpine,halothane,0
reserpine,haloperidol,0
reserpine,veratridine,1
reserpine,6-OHDA,0
reserpine,raclopride,0
halothane,haloperidol,0
halothane,veratridine,0
halothane,6-OHDA,0
halothane,raclopride,0
haloperidol,veratridine,0
haloperidol,6-OHDA,1
haloperidol,raclopride,0
veratridine,6-OHDA,0
veratridine,raclopride,0
6-OHDA,raclopride,1
cyclophosphamide,methylprednisolone,1
docetaxel,pemetrexed,0
methotrexate,cytarabine,1
pemetrexed,bevacizumab,1
pemetrexed,Cisplatinum,1
bevacizumab,Cisplatinum,1
Trastuzumab,lapatinib,0
irinotecan,oxaliplatin,0
irinotecan,raltitrexed,0
oxaliplatin,raltitrexed,0
NaHCO3,NH4Cl,0
NaHCO3,SKF 525A,0
NaHCO3,piperonyl butoxide,0
NaHCO3,progesterone,0
NaHCO3,cysteamine,0
NaHCO3,phenobarbital,0
NaHCO3,metyrapone,0
NaHCO3,[methyl-14C]nicotine,0
NH4Cl,SKF 525A,0
NH4Cl,piperonyl butoxide,0
NH4Cl,progesterone,0
NH4Cl,cysteamine,0
NH4Cl,phenobarbital,0
NH4Cl,metyrapone,0
NH4Cl,[methyl-14C]nicotine,0
SKF 525A,piperonyl butoxide,0
SKF 525A,progesterone,0
SKF 525A,cysteamine,0
SKF 525A,phenobarbital,0
SKF 525A,metyrapone,0
SKF 525A,[methyl-14C]nicotine,0
piperonyl butoxide,progesterone,0
piperonyl butoxide,cysteamine,0
piperonyl butoxide,phenobarbital,0
piperonyl butoxide,metyrapone,0
piperonyl butoxide,[methyl-14C]nicotine,0
progesterone,cysteamine,0
progesterone,phenobarbital,0
progesterone,metyrapone,0
progesterone,[methyl-14C]nicotine,1
cysteamine,phenobarbital,0
cysteamine,metyrapone,0
cysteamine,[methyl-14C]nicotine,0
phenobarbital,metyrapone,0
phenobarbital,[methyl-14C]nicotine,0
metyrapone,[methyl-14C]nicotine,1
Capecitabine,fluorouracil,0
artemisinin,lumefantrine,0
vincristine,doxorubicin,1
vincristine,cyclophosphamide,1
vincristine,ifosfamide,1
vincristine,etoposide,1
doxorubicin,cyclophosphamide,1
doxorubicin,ifosfamide,1
doxorubicin,etoposide,1
cyclophosphamide,ifosfamide,1
cyclophosphamide,etoposide,1
ifosfamide,etoposide,1
boceprevir,telaprevir,0
boceprevir,pegylated interferon,1
boceprevir,ribavirin,1
telaprevir,pegylated interferon,1
telaprevir,ribavirin,1
pegylated interferon,ribavirin,1
reserpine,nicardipine,0
reserpine,verapamil,0
reserpine,trifluoperazine,0
nicardipine,verapamil,0
nicardipine,trifluoperazine,0
verapamil,trifluoperazine,0
temozolomide,procarbazine,0
temozolomide,vincristine,0
procarbazine,vincristine,0
Ketoconazole,genistein,0
Melphalan,cisplatin,0
Melphalan,carboplatin,0
Melphalan,doxorubicin,0
Melphalan,etoposide,0
cisplatin,carboplatin,0
cisplatin,doxorubicin,0
cisplatin,etoposide,0
carboplatin,doxorubicin,0
carboplatin,etoposide,0
doxorubicin,etoposide,0
erlotinib,docetaxel,0
ifosfamide,etoposide,1
ranibizumab,aflibercept,0
Vinorelbine,gemcitabine,0
Vinorelbine,docetaxel,0
Vinorelbine,paclitaxel,0
Vinorelbine,irinotecan,0
gemcitabine,docetaxel,0
gemcitabine,paclitaxel,0
gemcitabine,irinotecan,0
docetaxel,paclitaxel,0
docetaxel,irinotecan,0
paclitaxel,irinotecan,0
omeprazole,ritonavir,1
omeprazole,GSK2336805,1
ritonavir,GSK2336805,1
chloroquine,hydroxychloroquine,0
chloroquine,azithromycin,0
hydroxychloroquine,azithromycin,0
paclitaxel,sorafenib,1
cyclophosphamide,doxorubicin,1
cyclophosphamide,methotrexate,1
doxorubicin,methotrexate,1
curcumin,docetaxel,1
curcumin,curcumin,0
docetaxel,curcumin,0
dabrafenib,trametinib,1
dabrafenib,dabrafenib,0
trametinib,dabrafenib,0
clindamycin,gentamicin,1
trovafloxacin,doxorubicin,0
trovafloxacin,etoposide,0
doxorubicin,etoposide,0
doxorubicin,etoposide,1
doxorubicin,ifosfamide,1
etoposide,ifosfamide,1
trastuzumab,ramucirumab,0
doxorubicin,paclitaxel,1
ofatumumab,carfilzomib,0
ofatumumab,rapamycin,0
carfilzomib,rapamycin,0
hydrogen peroxide,cimetidine,1
hydrogen peroxide,ranitidine,1
cimetidine,ranitidine,0
Chloroquine,Auranofin,0
docetaxel,prednisone,1
docetaxel,custirsen,1
docetaxel,docetaxel,0
docetaxel,prednisone,0
prednisone,custirsen,1
prednisone,docetaxel,0
prednisone,prednisone,0
custirsen,docetaxel,0
custirsen,prednisone,0
docetaxel,prednisone,0
Carboplatin,etoposide,1
paclitaxel,carboplatin,1
trastuzumab,bevacizumab,1
nivolumab,pembrolizumab,0
nivolumab,atezolizumab,0
nivolumab,durvalumab,0
nivolumab,ipilimumab,0
nivolumab,tremelimumab,0
nivolumab,bevacizumab,0
nivolumab,lenvatinib,0
nivolumab,cabozantinib,0
pembrolizumab,atezolizumab,0
pembrolizumab,durvalumab,0
pembrolizumab,ipilimumab,0
pembrolizumab,tremelimumab,0
pembrolizumab,bevacizumab,0
pembrolizumab,lenvatinib,0
pembrolizumab,cabozantinib,0
atezolizumab,durvalumab,0
atezolizumab,ipilimumab,0
atezolizumab,tremelimumab,0
atezolizumab,bevacizumab,0
atezolizumab,lenvatinib,0
atezolizumab,cabozantinib,0
durvalumab,ipilimumab,0
durvalumab,tremelimumab,0
durvalumab,bevacizumab,0
durvalumab,lenvatinib,0
durvalumab,cabozantinib,0
ipilimumab,tremelimumab,0
ipilimumab,bevacizumab,0
ipilimumab,lenvatinib,0
ipilimumab,cabozantinib,0
tremelimumab,bevacizumab,0
tremelimumab,lenvatinib,0
tremelimumab,cabozantinib,0
bevacizumab,lenvatinib,0
bevacizumab,cabozantinib,0
lenvatinib,cabozantinib,0
melatonin,cyclophosphamide,1
rituximab,bendamustine,1
rituximab,cytarabine,1
bendamustine,cytarabine,1
sildenafil,ambrisentan,1
sildenafil,epoprostenol,1
ambrisentan,epoprostenol,1
ixabepilone,carboplatin,1
ixabepilone,ixabepilone,0
carboplatin,ixabepilone,0
metformin,gliclazide,0
ifosfamide,carboplatin,1
ifosfamide,etoposide,1
carboplatin,etoposide,1
oxcarbazepine,carbamazepine,0
prasugrel,clopidogrel,0
chloroquine,mefloquine,0
chloroquine,quinine,0
chloroquine,halofantrine,0
chloroquine,atovaquone,0
mefloquine,quinine,0
mefloquine,halofantrine,0
mefloquine,atovaquone,0
quinine,halofantrine,0
quinine,atovaquone,0
halofantrine,atovaquone,0
ketorolac,bupivacaine,1
Etoposide,cytarabine,1
Etoposide,aclarubicin,1
Etoposide,G-CSF,1
cytarabine,aclarubicin,1
cytarabine,G-CSF,1
aclarubicin,G-CSF,1
dolasetron,dolasetron,0
dolasetron,aprepitant,0
dolasetron,aprepitant,0
dolasetron,aprepitant,1
dolasetron,aprepitant,0
aprepitant,aprepitant,0
gemcitabine,ifosfamide,1
gemcitabine,anthracycline,1
ifosfamide,anthracycline,1
cetuximab,irinotecan,1
cetuximab,oxaliplatin,0
cetuximab,5-fluorouracil,0
cetuximab,capecitabine,0
irinotecan,oxaliplatin,0
irinotecan,5-fluorouracil,0
irinotecan,capecitabine,0
oxaliplatin,5-fluorouracil,1
oxaliplatin,capecitabine,1
5-fluorouracil,capecitabine,0
paclitaxel,carboplatin,1
nicotine,ketanserin,1
nicotine,nicotine,0
nicotine,tranylcypromine,0
nicotine,parachloroamphetamine,0
nicotine,ritanserin,1
ketanserin,nicotine,0
ketanserin,tranylcypromine,0
ketanserin,parachloroamphetamine,0
ketanserin,ritanserin,0
nicotine,tranylcypromine,0
nicotine,parachloroamphetamine,1
nicotine,ritanserin,0
tranylcypromine,parachloroamphetamine,0
tranylcypromine,ritanserin,0
parachloroamphetamine,ritanserin,0
diclofenac,carbamazepine,0
Ursodeoxycholic acid,taurine,1
telaprevir,peginterferon-α-2b,1
telaprevir,ribavirin,1
peginterferon-α-2b,ribavirin,0
sumatriptan,yohimbine,0
sumatriptan,ketanserin,0
sumatriptan,haloperidol,0
yohimbine,ketanserin,0
yohimbine,haloperidol,0
ketanserin,haloperidol,0
etoposide,teniposide,0
etoposide,daunorubicin,0
etoposide,doxorubicin,0
etoposide,melphalan,0
etoposide,mitomycin,0
etoposide,bleomycin,0
teniposide,daunorubicin,0
teniposide,doxorubicin,0
teniposide,melphalan,0
teniposide,mitomycin,0
teniposide,bleomycin,0
daunorubicin,doxorubicin,0
daunorubicin,melphalan,0
daunorubicin,mitomycin,0
daunorubicin,bleomycin,0
doxorubicin,melphalan,0
doxorubicin,mitomycin,0
doxorubicin,bleomycin,0
melphalan,mitomycin,0
melphalan,bleomycin,0
mitomycin,bleomycin,0
ampicillin,azlocillin,0
ampicillin,polymyxin,0
ampicillin,rifampicin,1
azlocillin,polymyxin,0
azlocillin,rifampicin,1
polymyxin,rifampicin,1
reteplase,streptokinase,0
ribavirin,inosine,0
rituximab,rituximab,0
rituximab,cyclophosphamide,0
rituximab,azathioprine,0
rituximab,mycophenolate,0
rituximab,glucocorticoids,0
rituximab,cyclophosphamide,1
rituximab,azathioprine,1
rituximab,mycophenolate,0
rituximab,glucocorticoids,1
cyclophosphamide,azathioprine,0
cyclophosphamide,mycophenolate,0
cyclophosphamide,glucocorticoids,0
azathioprine,mycophenolate,0
azathioprine,glucocorticoids,0
mycophenolate,glucocorticoids,0
mefloquine,sulfadoxine,1
mefloquine,pyrimethamine,1
sulfadoxine,pyrimethamine,1
bleomycin,epirubicin,1
bleomycin,carboplatin,1
epirubicin,carboplatin,1
Axitinib,Everolimus,0
Axitinib,Sunitinib,0
Everolimus,Sunitinib,0
cytarabine,cisplatin,1
cytarabine,etoposide,1
cisplatin,etoposide,1
camrelizumab,gemcitabine,1
camrelizumab,cisplatin,1
gemcitabine,cisplatin,1
fluconazole,itraconazole,1
tianeptine,tianeptine,0
tianeptine,naloxone,0
tianeptine,naloxone,1
clonidine,diltiazem,0
clonidine,verapamil,0
diltiazem,verapamil,0
crizotinib,topotecan,1
crizotinib,cyclophosphamide,1
topotecan,cyclophosphamide,1
tretinoin,ribavirin,0
tretinoin,peg-interferon,0
ribavirin,peg-interferon,1
paclitaxel,carboplatin,1
imipenem,ceftazidime,0
daunorubicin,cytarabine,1
daunorubicin,etoposide,1
cytarabine,etoposide,1
modafinil,pyridostigmine,0
modafinil,lamotrigine,0
modafinil,amantadine,0
modafinil,prednisone,0
pyridostigmine,lamotrigine,0
pyridostigmine,amantadine,0
pyridostigmine,prednisone,0
lamotrigine,amantadine,0
lamotrigine,prednisone,0
amantadine,prednisone,0
verapamil,nifedipine,0
verapamil,diltiazem,0
nifedipine,diltiazem,0
selinexor,bortezomib,1
Etoposide,Cisplatin,1
Etoposide,Vincristine,0
Etoposide,Dacarbazine,0
Etoposide,Ifosfamide,0
Etoposide,Doxorubicin,0
Etoposide,Vindesine,1
Cisplatin,Vincristine,0
Cisplatin,Dacarbazine,0
Cisplatin,Ifosfamide,0
Cisplatin,Doxorubicin,0
Cisplatin,Vindesine,1
Vincristine,Dacarbazine,1
Vincristine,Ifosfamide,1
Vincristine,Doxorubicin,1
Vincristine,Vindesine,0
Dacarbazine,Ifosfamide,1
Dacarbazine,Doxorubicin,1
Dacarbazine,Vindesine,0
Ifosfamide,Doxorubicin,1
Ifosfamide,Vindesine,0
Doxorubicin,Vindesine,0
Mycophenolate,mycophenolic acid,0
tacrolimus,prednisone,1
Vandetanib,erlotinib,0
Vandetanib,gefitinib,0
erlotinib,gefitinib,0
Genistein,paclitaxel,1
Genistein,vincristine,1
paclitaxel,vincristine,0
gentamicin,rifampin,0
oxaliplatin,fluorouracil,1
oxaliplatin,folinic acid,1
fluorouracil,folinic acid,1
trastuzumab,letrozole,1
trastuzumab,letrozole,0
letrozole,letrozole,0
etoposide,doxorubicin,0
clarithromycin,amikacin,1
clarithromycin,cefoxitin,1
amikacin,cefoxitin,1
levodopa,carbidopa,1
amoxicillin,ampicillin,0
amoxicillin,cloxacillin,0
ampicillin,cloxacillin,0
moxifloxacin,levofloxacin,0
moxifloxacin,pyrazinamide,1
levofloxacin,pyrazinamide,1
erythromycin,tetracycline,0
tamoxifen,gefitinib,1
finasteride,minoxidil,1
dasatinib,imatinib,0
verapamil,ceftriaxone,1
verapamil,clindamycin,1
ceftriaxone,clindamycin,1
rituximab,cyclophosphamide,1
rituximab,doxorubicin,1
rituximab,vincristine,1
rituximab,prednisone,1
rituximab,R-CHOP,0
rituximab,rituximab,0
rituximab,etoposide,0
rituximab,cyclophosphamide,0
rituximab,doxorubicin,0
rituximab,vincristine,0
rituximab,prednisone,0
rituximab,methotrexate,0
rituximab,R-CHOP,0
cyclophosphamide,doxorubicin,1
cyclophosphamide,vincristine,1
cyclophosphamide,prednisone,1
cyclophosphamide,R-CHOP,0
cyclophosphamide,rituximab,0
cyclophosphamide,etoposide,0
cyclophosphamide,cyclophosphamide,0
cyclophosphamide,doxorubicin,0
cyclophosphamide,vincristine,0
cyclophosphamide,prednisone,0
cyclophosphamide,methotrexate,0
cyclophosphamide,R-CHOP,0
doxorubicin,vincristine,1
doxorubicin,prednisone,1
doxorubicin,R-CHOP,0
doxorubicin,rituximab,0
doxorubicin,etoposide,0
doxorubicin,cyclophosphamide,0
doxorubicin,doxorubicin,0
doxorubicin,vincristine,0
doxorubicin,prednisone,0
doxorubicin,methotrexate,0
doxorubicin,R-CHOP,0
vincristine,prednisone,1
vincristine,R-CHOP,0
vincristine,rituximab,0
vincristine,etoposide,0
vincristine,cyclophosphamide,0
vincristine,doxorubicin,0
vincristine,vincristine,0
vincristine,prednisone,0
vincristine,methotrexate,0
vincristine,R-CHOP,0
prednisone,R-CHOP,0
prednisone,rituximab,0
prednisone,etoposide,0
prednisone,cyclophosphamide,0
prednisone,doxorubicin,0
prednisone,vincristine,0
prednisone,prednisone,0
prednisone,methotrexate,0
prednisone,R-CHOP,0
R-CHOP,rituximab,0
R-CHOP,etoposide,0
R-CHOP,cyclophosphamide,0
R-CHOP,doxorubicin,0
R-CHOP,vincristine,0
R-CHOP,prednisone,0
R-CHOP,methotrexate,0
R-CHOP,R-CHOP,0
rituximab,etoposide,1
rituximab,cyclophosphamide,1
rituximab,doxorubicin,1
rituximab,vincristine,1
rituximab,prednisone,1
rituximab,methotrexate,0
rituximab,R-CHOP,0
etoposide,cyclophosphamide,1
etoposide,doxorubicin,1
etoposide,vincristine,1
etoposide,prednisone,1
etoposide,methotrexate,0
etoposide,R-CHOP,0
cyclophosphamide,doxorubicin,1
cyclophosphamide,vincristine,1
cyclophosphamide,prednisone,1
cyclophosphamide,methotrexate,0
cyclophosphamide,R-CHOP,0
doxorubicin,vincristine,1
doxorubicin,prednisone,1
doxorubicin,methotrexate,0
doxorubicin,R-CHOP,0
vincristine,prednisone,1
vincristine,methotrexate,0
vincristine,R-CHOP,0
prednisone,methotrexate,0
prednisone,R-CHOP,0
methotrexate,R-CHOP,1
fludarabine,cyclophosphamide,0
fludarabine,rituximab,0
cyclophosphamide,rituximab,0
gefitinib,erlotinib,1
oxytocin,vasopressin,0
volasertib,pemetrexed,1
volasertib,pemetrexed,0
pemetrexed,pemetrexed,0
paclitaxel,carboplatin,1
dexamethasone,leptin,0
dexamethasone,insulin,1
leptin,insulin,0
ondansetron,metoclopramide,0
venetoclax,bendamustine,0
paclitaxel,carboplatin,1
teniposide,etoposide,0
teniposide,doxorubicin,0
etoposide,doxorubicin,0
praziquantel,mefloquine,0
praziquantel,artesunate,0
mefloquine,artesunate,0
Cladribine,Granulocyte Colony-Stimulating Factor,1
Cladribine,Cytarabine,1
Cladribine,Aclarubicin,1
Granulocyte Colony-Stimulating Factor,Cytarabine,1
Granulocyte Colony-Stimulating Factor,Aclarubicin,1
Cytarabine,Aclarubicin,1
isoprenaline,salbutamol,0
erlotinib,doxorubicin,1
erlotinib,docetaxel,1
erlotinib,SN-38,1
doxorubicin,docetaxel,0
doxorubicin,SN-38,0
docetaxel,SN-38,0
artesunate,amodiaquine,0
melatonin,corticosterone,0
melatonin,leptin,0
melatonin,testosterone,0
corticosterone,leptin,0
corticosterone,testosterone,0
leptin,testosterone,0
chloroquine,hydroxychloroquine,0
chloroquine,losartan,0
chloroquine,azithromycin,0
chloroquine,naproxen,0
chloroquine,dexamethasone,0
chloroquine,prednisone,0
hydroxychloroquine,losartan,0
hydroxychloroquine,azithromycin,0
hydroxychloroquine,naproxen,0
hydroxychloroquine,dexamethasone,0
hydroxychloroquine,prednisone,0
losartan,azithromycin,0
losartan,naproxen,0
losartan,dexamethasone,0
losartan,prednisone,0
azithromycin,naproxen,0
azithromycin,dexamethasone,0
azithromycin,prednisone,0
naproxen,dexamethasone,0
naproxen,prednisone,0
dexamethasone,prednisone,0
cefepime,levofloxacin,1
everolimus,octreotide,1
prednisone,azathioprine,1
dihydroartemisinin,dihydroartemisinin-glucuronide,1
dihydroartemisinin,artesunate,1
dihydroartemisinin,artemether,0
dihydroartemisinin-glucuronide,artesunate,1
dihydroartemisinin-glucuronide,artemether,0
artesunate,artemether,0
Amphotericin,rifabutin,1
gemcitabine,doxorubicin,1
amphotericin,voriconazole,0
vinorelbine,docetaxel,0
vinorelbine,docetaxel,0
docetaxel,docetaxel,0
aciclovir,valaciclovir,0
aciclovir,famciclovir,0
aciclovir,brivudine,0
valaciclovir,famciclovir,0
valaciclovir,brivudine,0
famciclovir,brivudine,0
entacapone,levodopa,1
neomycin,metronidazole,1
metformin,curcumin,0
Warfarin,apixaban,0
mitomycin-C,vincristine,1
mitomycin-C,bleomycin,1
mitomycin-C,cis-platinum,1
vincristine,bleomycin,1
vincristine,cis-platinum,1
bleomycin,cis-platinum,1
levobupivacaine,lidocaine,1
afatinib,vinorelbine,1
Carboplatin,paclitaxel,1
Carboplatin,cisplatin,0
Carboplatin,paclitaxel,0
Carboplatin,doxorubicin,0
paclitaxel,cisplatin,0
paclitaxel,paclitaxel,0
paclitaxel,doxorubicin,0
cisplatin,paclitaxel,1
cisplatin,doxorubicin,1
paclitaxel,doxorubicin,1
ciprofloxacin,levofloxacin,1
carboplatin,etoposide,1
paclitaxel,docetaxel,0
fludarabine,cytarabine,1
fludarabine,idarubicin,1
fludarabine,etoposide,1
cytarabine,idarubicin,1
cytarabine,etoposide,1
idarubicin,etoposide,1
dabrafenib,cetuximab,1
capecitabine,irinotecan,1
Amphotericin,flucytosine,1
doxorubicin,Erlotinib,1
doxorubicin,etoposide,1
pembrolizumab,pembrolizumab,0
pembrolizumab,relacorilant,0
pembrolizumab,nivolumab,0
pembrolizumab,nivolumab,0
pembrolizumab,ipilimumab,0
pembrolizumab,relacorilant,1
pembrolizumab,nivolumab,0
pembrolizumab,nivolumab,0
pembrolizumab,ipilimumab,0
relacorilant,nivolumab,0
relacorilant,nivolumab,0
relacorilant,ipilimumab,0
nivolumab,nivolumab,0
nivolumab,ipilimumab,0
nivolumab,ipilimumab,1
cetuximab,panitumumab,0
cetuximab,bevacizumab,0
panitumumab,bevacizumab,0
daunorubicin,doxorubicin,0
curcumin,paclitaxel,0
Bevacizumab,intetumumab,1
amsacrine,etoposide,0
amsacrine,doxorubicin,0
amsacrine,mitoxantrone,0
etoposide,doxorubicin,0
etoposide,mitoxantrone,0
doxorubicin,mitoxantrone,0
anastrozole,tamoxifen,0
norfloxacin,enrofloxacin,0
norfloxacin,ofloxacin,0
enrofloxacin,ofloxacin,0
gefitinib,oxaliplatin,1
verapamil,prochlorperazine,0
chloroquine,mefloquine,0
chloroquine,lumefantrine,0
chloroquine,artesunate,0
mefloquine,lumefantrine,0
mefloquine,artesunate,0
lumefantrine,artesunate,0
mitoxantrone,mitoxantrone,0
mitoxantrone,fluorouracil,0
mitoxantrone,folinic acid,0
mitoxantrone,beta-interferon,0
mitoxantrone,fluorouracil,0
mitoxantrone,folinic acid,0
mitoxantrone,beta-interferon,1
fluorouracil,folinic acid,1
fluorouracil,beta-interferon,0
folinic acid,beta-interferon,0
Leucovorin,vincristine,1
decitabine,doxorubicin,1
decitabine,cyclophosphamide,1
doxorubicin,cyclophosphamide,0
tramadol,gabapentin,0
docetaxel,gemcitabine,1
docetaxel,docetaxel,0
docetaxel,carboplatin,1
gemcitabine,docetaxel,0
gemcitabine,carboplatin,1
docetaxel,carboplatin,0
galunisertib,sorafenib,1
busulfan,cyclophosphamide,1
busulfan,antithymocyte globulin(ATG,1
cyclophosphamide,antithymocyte globulin(ATG,1
cisplatin,adriamycin,1
cisplatin,etoposide,1
cisplatin,cyclophosphamide,1
adriamycin,etoposide,1
adriamycin,cyclophosphamide,1
etoposide,cyclophosphamide,1
amiodarone,sotalol,0
amiodarone,flecainide,0
amiodarone,propafenone,0
sotalol,flecainide,0
sotalol,propafenone,0
flecainide,propafenone,0
sorafenib,sunitinib,0
sorafenib,temsirolimus,0
sorafenib,everolimus,0
sunitinib,temsirolimus,0
sunitinib,everolimus,0
temsirolimus,everolimus,0
gefitinib,pemetrexed,1
gefitinib,gefitinib,0
pemetrexed,gefitinib,0
etoposide,carboplatin,1
Azithromycin,doxycycline,0
Azithromycin,moxifloxacin,0
doxycycline,moxifloxacin,0
doxycycline,azithromycin,0
timolol,hydrochlorothiazide,1
temsirolimus,sunitinib,1
anastrozole,letrozole,0
anastrozole,tamoxifen,0
letrozole,tamoxifen,0
doxorubicin,etoposide,0
cimetidine,ranitidine,0
aripiprazole,quetiapine,0
atenolol,nifedipine,1
atenolol,nifedipine,0
nifedipine,nifedipine,0
doxorubicin,epirubicin,0
doxorubicin,etoposide,0
doxorubicin,cisplatin,0
doxorubicin,mitoxantrone,0
doxorubicin,tamoxifen,0
doxorubicin,capecitabine,0
doxorubicin,thalidomide,0
doxorubicin,octreotide,0
epirubicin,etoposide,0
epirubicin,cisplatin,0
epirubicin,mitoxantrone,0
epirubicin,tamoxifen,0
epirubicin,capecitabine,0
epirubicin,thalidomide,0
epirubicin,octreotide,0
etoposide,cisplatin,0
etoposide,mitoxantrone,0
etoposide,tamoxifen,0
etoposide,capecitabine,0
etoposide,thalidomide,0
etoposide,octreotide,0
cisplatin,mitoxantrone,0
cisplatin,tamoxifen,0
cisplatin,capecitabine,0
cisplatin,thalidomide,0
cisplatin,octreotide,0
mitoxantrone,tamoxifen,0
mitoxantrone,capecitabine,0
mitoxantrone,thalidomide,0
mitoxantrone,octreotide,0
tamoxifen,capecitabine,0
tamoxifen,thalidomide,0
tamoxifen,octreotide,0
capecitabine,thalidomide,0
capecitabine,octreotide,0
thalidomide,octreotide,0
sertraline,paroxetine,0
fenofibrate,ciprofibrate,0
fenofibrate,gemfibrozil,0
ciprofibrate,gemfibrozil,0
bevacizumab,ranibizumab,0
cyclophosphamide,doxorubicin,1
cyclophosphamide,vincristine,1
cyclophosphamide,methotrexate,1
cyclophosphamide,cytarabine,1
cyclophosphamide,methotrexate,0
cyclophosphamide,adriamycin,1
doxorubicin,vincristine,1
doxorubicin,methotrexate,1
doxorubicin,cytarabine,1
doxorubicin,methotrexate,0
doxorubicin,adriamycin,1
vincristine,methotrexate,1
vincristine,cytarabine,1
vincristine,methotrexate,0
vincristine,adriamycin,1
methotrexate,cytarabine,1
methotrexate,methotrexate,0
methotrexate,adriamycin,1
cytarabine,methotrexate,0
cytarabine,adriamycin,1
methotrexate,adriamycin,0
vincristine,doxorubicin,1
vincristine,dactinomycin,1
doxorubicin,dactinomycin,1
methamphetamine,clonidine,0
leuprolide,bicalutamide,1
fluticasone,budesonide,0
fluticasone,beclomethasone,0
fluticasone,triamcinolone,0
budesonide,beclomethasone,0
budesonide,triamcinolone,0
beclomethasone,triamcinolone,0
lapatinib,trastuzumab,1
Meloxicam,sorafenib,1
fludarabine,cyclophosphamide,1
ganciclovir,foscarnet,0
metronidazole,clarithromycin,0
etoposide,doxorubicin,0
Cetuximab,irinotecan,1
imipramine,fenfluramine,0
imipramine,tranylcypromine,0
fenfluramine,tranylcypromine,1
irinotecan,temozolomide,1
etoposide,vincristine,1
etoposide,doxorubicin,1
etoposide,cyclophosphamide,1
etoposide,prednisone,1
vincristine,doxorubicin,1
vincristine,cyclophosphamide,1
vincristine,prednisone,1
doxorubicin,cyclophosphamide,1
doxorubicin,prednisone,1
cyclophosphamide,prednisone,1
mitotane,etoposide,1
mitotane,doxorubicin,1
mitotane,cisplatin,1
etoposide,doxorubicin,1
etoposide,cisplatin,1
doxorubicin,cisplatin,1
dasatinib,nilotinib,0
topotecan,paclitaxel,0
genistein,doxorubicin,1
genistein,genistein,0
doxorubicin,genistein,0
efavirenz,nevirapine,0
ibrutinib,ublituximab,1
oxytetracycline,flumequine,0
alemtuzumab,rituximab,0
Paclitaxel,5-fluorouracil,1
Paclitaxel,hydroxyurea,1
5-fluorouracil,hydroxyurea,1
nivolumab,ipilimumab,1
nivolumab,sunitinib,0
nivolumab,nivolumab,0
nivolumab,ipilimumab,0
ipilimumab,sunitinib,0
ipilimumab,nivolumab,0
ipilimumab,ipilimumab,0
sunitinib,nivolumab,0
sunitinib,ipilimumab,0
nivolumab,ipilimumab,0
daunorubicin,doxorubicin,0
daunorubicin,etoposide,0
daunorubicin,mitoxantrone,0
doxorubicin,etoposide,0
doxorubicin,mitoxantrone,0
etoposide,mitoxantrone,0
anastrozole,tamoxifen,0
cyclophosphamide,etoposide,1
cyclophosphamide,cisplatin,1
etoposide,cisplatin,1
docetaxel,gemcitabine,1
vancomycin,rifampicin,1
vancomycin,fosfomycin,1
rifampicin,fosfomycin,1
etoposide,doxorubicin,0
rituximab,bendamustine,1
ofatumumab,bendamustine,1
Imatinib,nilotinib,0
Imatinib,everolimus,0
nilotinib,everolimus,0
Paclitaxel,Epirubicin,0
Paclitaxel,Tamoxifen,0
Epirubicin,Tamoxifen,0
paclitaxel,carboplatin,1
belinostat,panobinostat,0
Aflibercept,folinic acid,1
Aflibercept,panitumumab,0
Aflibercept,folinic acid,0
folinic acid,panitumumab,0
folinic acid,folinic acid,0
panitumumab,folinic acid,1
doxorubicin,ifosfamide,1
heparin,aspirin,0
vinorelbine,capecitabine,0
vinorelbine,ixabepilone,0
vinorelbine,irinotecan,0
capecitabine,ixabepilone,0
capecitabine,irinotecan,0
ixabepilone,irinotecan,0
metformin,letrozole,1
metformin,clomiphene,1
letrozole,clomiphene,0
rituximab,etoposide,1
rituximab,prednisone,1
rituximab,vincristine,1
rituximab,cyclophosphamide,1
rituximab,doxorubicin,1
etoposide,prednisone,1
etoposide,vincristine,1
etoposide,cyclophosphamide,1
etoposide,doxorubicin,1
prednisone,vincristine,1
prednisone,cyclophosphamide,1
prednisone,doxorubicin,1
vincristine,cyclophosphamide,1
vincristine,doxorubicin,1
cyclophosphamide,doxorubicin,1
cobimetinib,trametinib,0
Panitumumab,Irinotecan,1
aprotinin,heparin,0
Cyclophosphamide,mitoxantrone,1
Cyclophosphamide,fluorouracil,1
mitoxantrone,fluorouracil,1
vincristine,doxorubicin,1
vincristine,etoposide,1
doxorubicin,etoposide,1
doxorubicin,ketoconazole,1
etoposide,cytarabine,0
pegylated interferon alfa-2a,entecavir,1
pegylated interferon alfa-2a,tenofovir,1
entecavir,tenofovir,1
fluoxetine,citalopram,0
fluoxetine,fluvoxamine,0
fluoxetine,paroxetine,0
citalopram,fluvoxamine,0
citalopram,paroxetine,0
fluvoxamine,paroxetine,0
naproxen,carbamazepine,0
tivozanib,durvalumab,1
everolimus,exemestane,1
everolimus,exemestane,0
exemestane,exemestane,0
irinotecan,paclitaxel,1
artesunate,artemether,0
etoposide,daunorubicin,0
etoposide,doxorubicin,0
etoposide,methotrexate,0
etoposide,vincristine,0
daunorubicin,doxorubicin,0
daunorubicin,methotrexate,0
daunorubicin,vincristine,0
doxorubicin,methotrexate,0
doxorubicin,vincristine,0
methotrexate,vincristine,0
rituximab,cyclophosphamide,1
rituximab,vincristine,1
rituximab,doxorubicin,1
rituximab,dexamethasone,1
rituximab,rituximab,0
cyclophosphamide,vincristine,1
cyclophosphamide,doxorubicin,1
cyclophosphamide,dexamethasone,1
cyclophosphamide,rituximab,0
vincristine,doxorubicin,1
vincristine,dexamethasone,1
vincristine,rituximab,0
doxorubicin,dexamethasone,1
doxorubicin,rituximab,0
dexamethasone,rituximab,0
dapoxetine,paroxetine,0
dapoxetine,sertraline,0
dapoxetine,fluoxetine,0
dapoxetine,citalopram,0
dapoxetine,escitalopram,0
paroxetine,sertraline,0
paroxetine,fluoxetine,0
paroxetine,citalopram,0
paroxetine,escitalopram,0
sertraline,fluoxetine,0
sertraline,citalopram,0
sertraline,escitalopram,0
fluoxetine,citalopram,0
fluoxetine,escitalopram,0
citalopram,escitalopram,0
doxorubicin,paclitaxel,1
doxorubicin,paclitaxel,0
paclitaxel,paclitaxel,0
losartan,quinapril,0
losartan,losartan,0
losartan,quinapril,0
quinapril,losartan,0
quinapril,quinapril,0
losartan,quinapril,0
chloroquine,quinine,0
chloroquine,mefloquine,0
chloroquine,amodiaquine,0
chloroquine,pyrimethamine,0
quinine,mefloquine,0
quinine,amodiaquine,0
quinine,pyrimethamine,0
mefloquine,amodiaquine,0
mefloquine,pyrimethamine,0
amodiaquine,pyrimethamine,0
carboplatin,etoposide,1
venetoclax,rituximab,1
Carboplatin,taxanes,1
Carboplatin,epirubicin,0
Carboplatin,cyclophosphamide,0
taxanes,epirubicin,0
taxanes,cyclophosphamide,0
epirubicin,cyclophosphamide,1
ceftriaxone,cefuroxime,0
ceftriaxone,gentamicin,0
cefuroxime,gentamicin,1
entinostat,lapatinib,1
entinostat,trastuzumab,1
lapatinib,trastuzumab,1
doxorubicin,prednisone,1
doxorubicin,mitoxantrone,1
doxorubicin,etoposide,1
prednisone,mitoxantrone,1
prednisone,etoposide,1
mitoxantrone,etoposide,1
aspirin,dipyridamole,1
aspirin,cilostazol,1
dipyridamole,cilostazol,0
sorafenib,silibinin,1
Acanthopanax obovatus polysaccharide,cyclophosphamide,1
Acanthopanax obovatus polysaccharide,prednisolone,1
cyclophosphamide,prednisolone,0
lenalidomide,dexamethasone,1
bleomycin,etoposide,1
bleomycin,doxorubicin,1
bleomycin,cyclophosphamide,1
bleomycin,vincristine,1
bleomycin,procarbazine,1
bleomycin,prednisolone,1
bleomycin,doxorubicin,0
bleomycin,bleomycin,0
bleomycin,vincristine,0
bleomycin,dacarbazine,0
etoposide,doxorubicin,1
etoposide,cyclophosphamide,1
etoposide,vincristine,1
etoposide,procarbazine,1
etoposide,prednisolone,1
etoposide,doxorubicin,0
etoposide,bleomycin,0
etoposide,vincristine,0
etoposide,dacarbazine,0
doxorubicin,cyclophosphamide,1
doxorubicin,vincristine,1
doxorubicin,procarbazine,1
doxorubicin,prednisolone,1
doxorubicin,doxorubicin,0
doxorubicin,bleomycin,0
doxorubicin,vincristine,0
doxorubicin,dacarbazine,0
cyclophosphamide,vincristine,1
cyclophosphamide,procarbazine,1
cyclophosphamide,prednisolone,1
cyclophosphamide,doxorubicin,0
cyclophosphamide,bleomycin,0
cyclophosphamide,vincristine,0
cyclophosphamide,dacarbazine,0
vincristine,procarbazine,1
vincristine,prednisolone,1
vincristine,doxorubicin,0
vincristine,bleomycin,0
vincristine,vincristine,0
vincristine,dacarbazine,0
procarbazine,prednisolone,1
procarbazine,doxorubicin,0
procarbazine,bleomycin,0
procarbazine,vincristine,0
procarbazine,dacarbazine,0
prednisolone,doxorubicin,0
prednisolone,bleomycin,0
prednisolone,vincristine,0
prednisolone,dacarbazine,0
doxorubicin,bleomycin,1
doxorubicin,vincristine,1
doxorubicin,dacarbazine,1
bleomycin,vincristine,1
bleomycin,dacarbazine,1
vincristine,dacarbazine,1
gemcitabine,salirasib,1
amoxicillin,sulbactam,0
halofantrine,mefloquine,0
vancomycin,daptomycin,0
dasatinib,paclitaxel,1
fludarabine,paclitaxel,1
ipilimumab,nivolumab,1
palonosetron,aprepitant,1
fulvestrant,palbociclib,1
propofol,dexmedetomidine,1
propofol,propofol,1
propofol,dexmedetomidine,1
propofol,propofol,0
propofol,ketamine,0
dexmedetomidine,propofol,1
dexmedetomidine,dexmedetomidine,1
dexmedetomidine,propofol,0
dexmedetomidine,ketamine,0
propofol,dexmedetomidine,1
propofol,propofol,0
propofol,ketamine,0
dexmedetomidine,propofol,0
dexmedetomidine,ketamine,0
propofol,ketamine,1
Ethosuximide,topiramate,0
Ethosuximide,zonisamide,0
topiramate,zonisamide,0
cytarabine,daunorubicin,1
cytarabine,etoposide,1
cytarabine,cytarabine,0
cytarabine,daunorubicin,0
cytarabine,etoposide,0
daunorubicin,etoposide,1
daunorubicin,cytarabine,0
daunorubicin,daunorubicin,0
daunorubicin,etoposide,0
etoposide,cytarabine,0
etoposide,daunorubicin,0
etoposide,etoposide,0
cytarabine,daunorubicin,1
cytarabine,etoposide,1
daunorubicin,etoposide,1
foscarnet,ganciclovir,1
Afatinib,Nimotuzumab,1
Afatinib,Gefitinib,0
Afatinib,Erlotinib,0
Nimotuzumab,Gefitinib,0
Nimotuzumab,Erlotinib,0
Gefitinib,Erlotinib,0
sunitinib,nivolumab,0
sunitinib,ipilimumab,0
nivolumab,ipilimumab,1
omeprazole,verapamil,0
carmustine,cytarabine,1
carmustine,etoposide,1
carmustine,melphalan)-alemtuzumab,1
cytarabine,etoposide,1
cytarabine,melphalan)-alemtuzumab,1
etoposide,melphalan)-alemtuzumab,1
Apixaban,rivaroxaban,0
Apixaban,aspirin,0
Apixaban,clopidogrel,0
rivaroxaban,aspirin,0
rivaroxaban,clopidogrel,0
aspirin,clopidogrel,1
lidocaine,mepivacaine,0
ampicillin,azithromycin,0
ampicillin,chloramphenicol,0
ampicillin,ciprofloxacin,0
ampicillin,doxycycline,0
ampicillin,erythromycin,0
ampicillin,furazolidone,0
ampicillin,levofloxacin,0
azithromycin,chloramphenicol,0
azithromycin,ciprofloxacin,0
azithromycin,doxycycline,0
azithromycin,erythromycin,0
azithromycin,furazolidone,0
azithromycin,levofloxacin,0
chloramphenicol,ciprofloxacin,0
chloramphenicol,doxycycline,0
chloramphenicol,erythromycin,0
chloramphenicol,furazolidone,0
chloramphenicol,levofloxacin,0
ciprofloxacin,doxycycline,0
ciprofloxacin,erythromycin,0
ciprofloxacin,furazolidone,0
ciprofloxacin,levofloxacin,0
doxycycline,erythromycin,0
doxycycline,furazolidone,0
doxycycline,levofloxacin,0
erythromycin,furazolidone,0
erythromycin,levofloxacin,0
furazolidone,levofloxacin,0
VPA,fludarabine,1
VPA,flavopiridol,1
VPA,bortezomib,1
VPA,thalidomide,0
VPA,lenalidomide,0
fludarabine,flavopiridol,0
fludarabine,bortezomib,0
fludarabine,thalidomide,0
fludarabine,lenalidomide,0
flavopiridol,bortezomib,0
flavopiridol,thalidomide,0
flavopiridol,lenalidomide,0
bortezomib,thalidomide,0
bortezomib,lenalidomide,0
thalidomide,lenalidomide,0
pertuzumab,trastuzumab,1
pertuzumab,docetaxel,1
trastuzumab,docetaxel,1
doxycycline,rifampicin,1
doxycycline,levofloxacin,1
doxycycline,amikacin,1
rifampicin,levofloxacin,1
rifampicin,amikacin,1
levofloxacin,amikacin,1
enalapril,nitrendipine,0
enalapril,hydrochlorothiazide,0
nitrendipine,hydrochlorothiazide,0
exemestane,toremifene,1
exemestane,fulvestrant,1
toremifene,fulvestrant,1
doxazosin,atenolol,1
low-molecular-weight heparin,aspirin,1
low-molecular-weight heparin,unfractionated heparin,0
aspirin,unfractionated heparin,0
neostigmine,dexmedetomidine,0
neostigmine,dexmedetomidine,0
neostigmine,neostigmine,0
dexmedetomidine,dexmedetomidine,0
dexmedetomidine,neostigmine,0
dexmedetomidine,neostigmine,1
gemcitabine,docetaxel,1
trilostane,dexamethasone,1
oxaliplatin,leucovorin,1
methysergide,clonidine,0
methysergide,haloperidol,0
methysergide,atropine,0
clonidine,haloperidol,0
clonidine,atropine,0
haloperidol,atropine,0
doxorubicin,flavopiridol,1
bicalutamide,tremelimumab,1
docetaxel,topotecan,0
docetaxel,gemcitabine,0
topotecan,gemcitabine,0
ropivacaine,hydromorphone,1
ropivacaine,ketorolac,1
hydromorphone,ketorolac,1
tegafur,gimeracil,0
trastuzumab,capecitabine,1
lapatinib,capecitabine,1
leflunomide,adalimumab,0
doxycycline,azithromycin,0
dexmedetomidine,propofol,0
azithromycin,gentamicin,1
ciprofloxacin,metronidazole,0
rituximab,fludarabine,1
rituximab,mitoxantrone,1
rituximab,rituximab,0
fludarabine,mitoxantrone,1
fludarabine,rituximab,0
mitoxantrone,rituximab,0
carboplatin,etoposide,1
clindamycin,gentamicin,1
clindamycin,vancomycin,1
gentamicin,vancomycin,1
etoposide,methylprednisolone,1
etoposide,cytarabine,1
etoposide,cisplatin,1
etoposide,cisplatin,0
etoposide,cytosine arabinoside,0
etoposide,dexamethasone,0
methylprednisolone,cytarabine,1
methylprednisolone,cisplatin,1
methylprednisolone,cisplatin,0
methylprednisolone,cytosine arabinoside,0
methylprednisolone,dexamethasone,0
cytarabine,cisplatin,1
cytarabine,cisplatin,0
cytarabine,cytosine arabinoside,0
cytarabine,dexamethasone,0
cisplatin,cisplatin,0
cisplatin,cytosine arabinoside,0
cisplatin,dexamethasone,0
cisplatin,cytosine arabinoside,0
cisplatin,dexamethasone,1
cytosine arabinoside,dexamethasone,0
cisplatin,cyclophosphamide,1
cisplatin,doxorubicin,1
cisplatin,etoposide,1
cyclophosphamide,doxorubicin,1
cyclophosphamide,etoposide,1
doxorubicin,etoposide,1
cetuximab,bevacizumab,0
docetaxel,carboplatin,1
clonidine,guanfacine,0
clonidine,clonidine,0
clonidine,guanfacine,0
guanfacine,clonidine,0
guanfacine,guanfacine,0
clonidine,guanfacine,0
bortezomib,docetaxel,1
formoterol,formoterol,0
formoterol,formoterol,0
formoterol,budesonide,0
formoterol,formoterol,0
formoterol,budesonide,0
formoterol,budesonide,1
cetuximab,panitumumab,0
doxorubicin,bleomycin,1
doxorubicin,vinblastine,1
doxorubicin,dacarbazine,1
bleomycin,vinblastine,1
bleomycin,dacarbazine,1
vinblastine,dacarbazine,1
venetoclax,rituximab,1
buserelin,flutamide,1
piroxicam,naproxen,0
cyproterone acetate,raloxifene,0
propranolol,carvedilol,0
naloxone,nicotine,0
naloxone,acetylcholine,0
naloxone,glutamate-diethylester,0
nicotine,acetylcholine,0
nicotine,glutamate-diethylester,0
acetylcholine,glutamate-diethylester,0
dihydroartemisinin,artemether,0
dihydroartemisinin,artesunate,0
artemether,artesunate,0
mitoxantrone,cidofovir,1
atorvastatin,bezafibrate,0
methotrexate,chloroquine,0
diltiazem,gemcitabine,1
diltiazem,5-FU,1
gemcitabine,5-FU,0
raltegravir,efavirenz,0
ifosfamide,etoposide,1
amodiaquine,primaquine,1
bortezomib,lenalidomide,1
bortezomib,dexamethasone,1
lenalidomide,dexamethasone,1
Genistein,docetaxel,1
Genistein,bicalutamide,1
docetaxel,bicalutamide,0
bosentan,sildenafil,1
infliximab,etanercept,0
vincristine,etoposide,1
vincristine,carboplatin,1
etoposide,carboplatin,1
capecitabine,tegafur,1
erythromycin,azithromycin,0
erythromycin,clindamycin,0
erythromycin,vancomycin,0
erythromycin,doxycycline,0
erythromycin,ciprofloxacin,0
azithromycin,clindamycin,0
azithromycin,vancomycin,0
azithromycin,doxycycline,0
azithromycin,ciprofloxacin,0
clindamycin,vancomycin,0
clindamycin,doxycycline,0
clindamycin,ciprofloxacin,0
vancomycin,doxycycline,0
vancomycin,ciprofloxacin,0
doxycycline,ciprofloxacin,0
oxotremorine,carbachol,0
oxotremorine,pilocarpine,0
carbachol,pilocarpine,0
cetuximab,cetuximab,0
cetuximab,irinotecan,0
cetuximab,panitumumab,0
cetuximab,irinotecan,1
cetuximab,panitumumab,0
irinotecan,panitumumab,0
haloperidol,aripiprazole,0
haloperidol,olanzapine,0
haloperidol,quetiapine,0
haloperidol,clozapine,0
haloperidol,risperidone,0
haloperidol,paliperidone,0
aripiprazole,olanzapine,0
aripiprazole,quetiapine,0
aripiprazole,clozapine,0
aripiprazole,risperidone,0
aripiprazole,paliperidone,0
olanzapine,quetiapine,0
olanzapine,clozapine,0
olanzapine,risperidone,0
olanzapine,paliperidone,0
quetiapine,clozapine,0
quetiapine,risperidone,0
quetiapine,paliperidone,0
clozapine,risperidone,0
clozapine,paliperidone,0
risperidone,paliperidone,0
doxorubicin,etoposide,0
bleomycin,etoposide,1
bleomycin,doxorubicin,1
bleomycin,cyclophosphamide,1
bleomycin,vincristine,1
bleomycin,procarbazine,1
bleomycin,prednisone,1
etoposide,doxorubicin,1
etoposide,cyclophosphamide,1
etoposide,vincristine,1
etoposide,procarbazine,1
etoposide,prednisone,1
doxorubicin,cyclophosphamide,1
doxorubicin,vincristine,1
doxorubicin,procarbazine,1
doxorubicin,prednisone,1
cyclophosphamide,vincristine,1
cyclophosphamide,procarbazine,1
cyclophosphamide,prednisone,1
vincristine,procarbazine,1
vincristine,prednisone,1
procarbazine,prednisone,1
daclatasvir,asunaprevir,1
azathioprine,CsA,1
azathioprine,methylprednisolone,0
CsA,methylprednisolone,0
panitumumab,bevacizumab,0
mefloquine,artemether,1
irinotecan,oxaliplatin,1
rituximab,etoposide,1
rituximab,prednisone,1
rituximab,vincristine,1
rituximab,cyclophosphamide,1
rituximab,doxorubicin,1
etoposide,prednisone,1
etoposide,vincristine,1
etoposide,cyclophosphamide,1
etoposide,doxorubicin,1
prednisone,vincristine,1
prednisone,cyclophosphamide,1
prednisone,doxorubicin,1
vincristine,cyclophosphamide,1
vincristine,doxorubicin,1
cyclophosphamide,doxorubicin,1
desmopressin,tranexamic,1
bevacizumab,capecitabine,1
bevacizumab,bevacizumab,0
bevacizumab,paclitaxel,0
capecitabine,bevacizumab,0
capecitabine,paclitaxel,0
bevacizumab,paclitaxel,1
ixabepilone,bevacizumab,1
pemetrexed,platinum,1
pemetrexed,pemetrexed,0
pemetrexed,carboplatin,0
platinum,pemetrexed,0
platinum,carboplatin,0
pemetrexed,carboplatin,0
cetuximab,irinotecan,1
cetuximab,cetuximab,0
cetuximab,irinotecan,0
cetuximab,cetuximab,0
irinotecan,cetuximab,0
irinotecan,irinotecan,0
irinotecan,cetuximab,0
cetuximab,irinotecan,0
cetuximab,cetuximab,0
irinotecan,cetuximab,0
pertuzumab,trastuzumab,1
Dapagliflozin,furosemide,1
goserelin,tamoxifen,1
venetoclax,rituximab,1
venetoclax,bendamustine,0
venetoclax,rituximab,0
rituximab,bendamustine,0
rituximab,rituximab,0
bendamustine,rituximab,1
atorvastatin,amlodipine,1
hydrochlorothiazide,triamterene,1
hydrochlorothiazide,alpha-methyldopa,1
triamterene,alpha-methyldopa,1
clozapine,risperidone,0
warfarin,miltefosine,1
digoxin,dronedarone,1
doxorubicin,etoposide,0
cyclophosphamide,doxorubicin,1
cyclophosphamide,fluorouracil,1
cyclophosphamide,cyclophosphamide,0
cyclophosphamide,doxorubicin,0
cyclophosphamide,vincristine,0
cyclophosphamide,prednisone,0
doxorubicin,fluorouracil,1
doxorubicin,cyclophosphamide,0
doxorubicin,doxorubicin,0
doxorubicin,vincristine,0
doxorubicin,prednisone,0
fluorouracil,cyclophosphamide,0
fluorouracil,doxorubicin,0
fluorouracil,vincristine,0
fluorouracil,prednisone,0
cyclophosphamide,doxorubicin,1
cyclophosphamide,vincristine,1
cyclophosphamide,prednisone,1
doxorubicin,vincristine,1
doxorubicin,prednisone,1
vincristine,prednisone,1
fluorouracil,oxaliplatin,0
fluorouracil,irinotecan,0
oxaliplatin,irinotecan,0
fenofibrate,atorvastatin,0
brimonidine,latanoprost,0
propofol,rocuronium,0
doxorubicin,etoposide,0
doxorubicin,paclitaxel,0
etoposide,paclitaxel,0
cyclophosphamide,carmustine,1
cyclophosphamide,etoposide,1
cyclophosphamide,carmustine,0
cyclophosphamide,etoposide,0
cyclophosphamide,cytarabine,0
cyclophosphamide,melphalan,0
cyclophosphamide,carmustine,0
cyclophosphamide,etoposide,0
cyclophosphamide,cytarabine,0
cyclophosphamide,cyclophosphamide,0
carmustine,etoposide,1
carmustine,carmustine,0
carmustine,etoposide,0
carmustine,cytarabine,0
carmustine,melphalan,0
carmustine,carmustine,0
carmustine,etoposide,0
carmustine,cytarabine,0
carmustine,cyclophosphamide,0
etoposide,carmustine,0
etoposide,etoposide,0
etoposide,cytarabine,0
etoposide,melphalan,0
etoposide,carmustine,0
etoposide,etoposide,0
etoposide,cytarabine,0
etoposide,cyclophosphamide,0
carmustine,etoposide,1
carmustine,cytarabine,1
carmustine,melphalan,1
carmustine,carmustine,0
carmustine,etoposide,0
carmustine,cytarabine,0
carmustine,cyclophosphamide,0
etoposide,cytarabine,1
etoposide,melphalan,1
etoposide,carmustine,0
etoposide,etoposide,0
etoposide,cytarabine,0
etoposide,cyclophosphamide,0
cytarabine,melphalan,1
cytarabine,carmustine,0
cytarabine,etoposide,0
cytarabine,cytarabine,0
cytarabine,cyclophosphamide,0
melphalan,carmustine,0
melphalan,etoposide,0
melphalan,cytarabine,0
melphalan,cyclophosphamide,0
carmustine,etoposide,1
carmustine,cytarabine,1
carmustine,cyclophosphamide,1
etoposide,cytarabine,1
etoposide,cyclophosphamide,1
cytarabine,cyclophosphamide,1
Abiraterone,Enzalutamide,1
fluorouracil,methotrexate,0
fluorouracil,cetuximab,0
methotrexate,cetuximab,0
Dexamethasone,cytarabine,1
Dexamethasone,ifosfamide,1
Dexamethasone,cisplatin,1
cytarabine,ifosfamide,1
cytarabine,cisplatin,1
ifosfamide,cisplatin,1
ribociclib,letrozole,1
lapatinib,gemcitabine,1
xylose,chondroitin,0
nifedipine,hydrochlorothiazide,0
pantoprazole,docetaxel,1
saquinavir,lopinavir,1
saquinavir,saquinavir,0
lopinavir,saquinavir,0
Clopidogrel,aspirin,0
sorafenib,lenvatinib,0
sorafenib,sunitinib,1
lenvatinib,sunitinib,0
doxorubicin,etoposide,0
doxorubicin,mitoxantrone,0
etoposide,mitoxantrone,0
zidovudine,ciprofloxacin,1
cyclophosphamide,prednisolone,1
Vancomycin,gentamicin,1
Vancomycin,streptomycin,1
gentamicin,streptomycin,1
foretinib,lapatinib,1
metronidazole,vancomycin,0
etoposide,cytarabine,0
doxorubicin,etoposide,1
amiodarone,carvedilol,1
paclitaxel,carboplatin,0
paclitaxel,bevacizumab,0
carboplatin,bevacizumab,0
azithromycin,doxycycline,0
sunitinib,pemetrexed,0
sunitinib,docetaxel,0
pemetrexed,docetaxel,0
erlotinib,erlotinib,0
erlotinib,sorafenib,0
erlotinib,sorafenib,0
erlotinib,sorafenib,1
erlotinib,sorafenib,0
sorafenib,sorafenib,0
aflibercept,irinotecan,1
aflibercept,5-fluorouracil,1
irinotecan,5-fluorouracil,1
paclitaxel,carboplatin,1
paclitaxel,etoposide,1
carboplatin,etoposide,1
pemetrexed,gemcitabine,1
artesunate,mefloquine,1
vinblastine,ifosfamide,1
vinblastine,cisplatin,1
ifosfamide,cisplatin,1
piperacillin,gentamicin,0
piperacillin,clarithromycin,0
piperacillin,erythromycin,0
piperacillin,minocycline,0
gentamicin,clarithromycin,0
gentamicin,erythromycin,0
gentamicin,minocycline,0
clarithromycin,erythromycin,0
clarithromycin,minocycline,0
erythromycin,minocycline,0
vandetanib,5-FU,1
vandetanib,paclitaxel,1
vandetanib,carboplatin,1
5-FU,paclitaxel,1
5-FU,carboplatin,1
paclitaxel,carboplatin,1
tamoxifen,toremifene,0
etoposide,prednisone,0
etoposide,vincristine,0
etoposide,cyclophosphamide,0
etoposide,doxorubicin,0
etoposide,and cyclophospha,0
etoposide,"e , doxorub",0
etoposide,"n , vincris",0
etoposide,and predni,0
prednisone,vincristine,0
prednisone,cyclophosphamide,0
prednisone,doxorubicin,0
prednisone,and cyclophospha,0
prednisone,"e , doxorub",0
prednisone,"n , vincris",0
prednisone,and predni,0
vincristine,cyclophosphamide,0
vincristine,doxorubicin,0
vincristine,and cyclophospha,0
vincristine,"e , doxorub",0
vincristine,"n , vincris",0
vincristine,and predni,0
cyclophosphamide,doxorubicin,0
cyclophosphamide,and cyclophospha,0
cyclophosphamide,"e , doxorub",0
cyclophosphamide,"n , vincris",0
cyclophosphamide,and predni,0
doxorubicin,and cyclophospha,0
doxorubicin,"e , doxorub",0
doxorubicin,"n , vincris",0
doxorubicin,and predni,0
and cyclophospha,"e , doxorub",0
and cyclophospha,"n , vincris",0
and cyclophospha,and predni,0
"e , doxorub","n , vincris",0
"e , doxorub",and predni,0
"n , vincris",and predni,0
verapamil,doxorubicin,1
verapamil,doxorubicin,0
doxorubicin,doxorubicin,0
cetuximab,irinotecan,1
digoxin,flecainide,1
irinotecan,capecitabine,1
vancomycin,TZP,1
vancomycin,vancomycin,0
vancomycin,cefepime,0
TZP,vancomycin,0
TZP,cefepime,0
vancomycin,cefepime,1
etoposide,doxorubicin,0
etoposide,cisplatin,0
etoposide,mitotane,0
etoposide,gemcitabine,0
etoposide,capecitabine,0
etoposide,streptozotocin,0
doxorubicin,cisplatin,0
doxorubicin,mitotane,0
doxorubicin,gemcitabine,0
doxorubicin,capecitabine,0
doxorubicin,streptozotocin,0
cisplatin,mitotane,0
cisplatin,gemcitabine,0
cisplatin,capecitabine,0
cisplatin,streptozotocin,0
mitotane,gemcitabine,0
mitotane,capecitabine,0
mitotane,streptozotocin,0
gemcitabine,capecitabine,1
gemcitabine,streptozotocin,1
capecitabine,streptozotocin,0
ropivacaine,epinephrine,1
ethionamide,rifampin,1
ethionamide,capreomycin,1
ethionamide,kanamycin,1
ethionamide,streptomycin,1
ethionamide,ethambutol,1
ethionamide,ansamycin,1
rifampin,capreomycin,1
rifampin,kanamycin,1
rifampin,streptomycin,1
rifampin,ethambutol,1
rifampin,ansamycin,1
capreomycin,kanamycin,1
capreomycin,streptomycin,1
capreomycin,ethambutol,1
capreomycin,ansamycin,1
kanamycin,streptomycin,1
kanamycin,ethambutol,1
kanamycin,ansamycin,1
streptomycin,ethambutol,1
streptomycin,ansamycin,1
ethambutol,ansamycin,1
gefitinib,capecitabine,1
ibrutinib,venetoclax,1
lomustine,temozolomide,0
lomustine,dacarbazine,0
lomustine,procarbazine,0
temozolomide,dacarbazine,0
temozolomide,procarbazine,0
dacarbazine,procarbazine,0
chlortetracycline,sulfamethazine,0
chlortetracycline,sulfathiazole,0
sulfamethazine,sulfathiazole,0
ifosfamide,paclitaxel,1
ifosfamide,carboplatin,1
paclitaxel,carboplatin,1
Ticlopidine,clopidogrel,1
Irinotecan,gemcitabine,1
cyclophosphamide,doxorubicin,1
cyclophosphamide,vincristine,1
cyclophosphamide,prednisone,1
doxorubicin,vincristine,1
doxorubicin,prednisone,1
vincristine,prednisone,1
linezolid,methadone,1
ipilimumab,vemurafenib,1
epinephrine,phentolamine,0
Ipilimumab,Nivolumab,1
Ipilimumab,Ipilimumab,1
Ipilimumab,Chemotherapy,1
Nivolumab,Ipilimumab,1
Nivolumab,Chemotherapy,1
Ipilimumab,Chemotherapy,1
doxorubicin,cyclophosphamide,1
doxorubicin,paclitaxel,1
cyclophosphamide,paclitaxel,1
bleomycin,etoposide,1
bleomycin,doxorubicin,1
bleomycin,cyclophosphamide,1
bleomycin,vincristine,1
bleomycin,procarbazine,1
bleomycin,prednisone,1
etoposide,doxorubicin,1
etoposide,cyclophosphamide,1
etoposide,vincristine,1
etoposide,procarbazine,1
etoposide,prednisone,1
doxorubicin,cyclophosphamide,1
doxorubicin,vincristine,1
doxorubicin,procarbazine,1
doxorubicin,prednisone,1
cyclophosphamide,vincristine,1
cyclophosphamide,procarbazine,1
cyclophosphamide,prednisone,1
vincristine,procarbazine,1
vincristine,prednisone,1
procarbazine,prednisone,1
bexarotene,denileukin diftitox,1
spiramycin,pyrimethamine,0
spiramycin,azithromycin,0
pyrimethamine,azithromycin,0
Chloroquine,Mefloquine,0
Chloroquine,Mefloquine,0
Chloroquine,artesunate,0
Chloroquine,Proguanil,0
Chloroquine,Pyrimethamine,0
Chloroquine,amodiaquine,0
Mefloquine,Mefloquine,0
Mefloquine,artesunate,0
Mefloquine,Proguanil,0
Mefloquine,Pyrimethamine,0
Mefloquine,amodiaquine,0
Mefloquine,artesunate,0
Mefloquine,Proguanil,0
Mefloquine,Pyrimethamine,0
Mefloquine,amodiaquine,0
artesunate,Proguanil,0
artesunate,Pyrimethamine,0
artesunate,amodiaquine,0
Proguanil,Pyrimethamine,0
Proguanil,amodiaquine,0
Pyrimethamine,amodiaquine,0
bortezomib,carfilzomib,0
bortezomib,ixazomib,0
carfilzomib,ixazomib,0
valsartan,amlodipine,0
chloroquine,mefloquine,0
chloroquine,quinine,0
mefloquine,quinine,0
Fulvestrant,anastrozole,0
doxorubicin,trastuzumab,1
paclitaxel,carboplatin,1
mitoxantrone,etoposide,0
mitoxantrone,cytarabine,0
etoposide,cytarabine,0
Aztreonam,gentamicin,0
Aztreonam,piperacillin,1
gentamicin,piperacillin,1
salbutamol,digoxin,1
Mecamylamine,nicotine,1
leflunomide,cyclosporin,1
folinic,5-fluorouracil,1
folinic,irinotecan,1
folinic,oxaliplatin,1
folinic,nab-paclitaxel,0
folinic,gemcitabine,0
5-fluorouracil,irinotecan,1
5-fluorouracil,oxaliplatin,1
5-fluorouracil,nab-paclitaxel,0
5-fluorouracil,gemcitabine,0
irinotecan,oxaliplatin,1
irinotecan,nab-paclitaxel,0
irinotecan,gemcitabine,0
oxaliplatin,nab-paclitaxel,0
oxaliplatin,gemcitabine,0
nab-paclitaxel,gemcitabine,1
paclitaxel,carboplatin,1
paclitaxel,gemcitabine-based,1
carboplatin,gemcitabine-based,1
digoxin,propafenone,1
digoxin,digoxin,0
propafenone,digoxin,0
lapatinib,AI,1
lapatinib,trastuzumab,0
AI,trastuzumab,1
nateglinide,vildagliptin,1
Paclitaxel,doxorubicin,0
Paclitaxel,tamoxifen,0
Paclitaxel,erlotinib,0
Paclitaxel,gefitinib,0
Paclitaxel,temozolomide,0
Paclitaxel,methotrexate,0
doxorubicin,tamoxifen,0
doxorubicin,erlotinib,0
doxorubicin,gefitinib,0
doxorubicin,temozolomide,0
doxorubicin,methotrexate,0
tamoxifen,erlotinib,0
tamoxifen,gefitinib,0
tamoxifen,temozolomide,0
tamoxifen,methotrexate,0
erlotinib,gefitinib,0
erlotinib,temozolomide,0
erlotinib,methotrexate,0
gefitinib,temozolomide,0
gefitinib,methotrexate,0
temozolomide,methotrexate,0
cyclophosphamide,vincristine,1
cyclophosphamide,etoposide,1
cyclophosphamide,methotrexate,0
cyclophosphamide,doxorubicin,0
vincristine,etoposide,1
vincristine,methotrexate,0
vincristine,doxorubicin,0
etoposide,methotrexate,0
etoposide,doxorubicin,0
methotrexate,doxorubicin,1
Amisulpride,haloperidol,0
ampicillin,tobramycin,0
ampicillin,cefoperazone,0
ampicillin,piperacillin,0
tobramycin,cefoperazone,0
tobramycin,piperacillin,0
cefoperazone,piperacillin,0
pemetrexed,docetaxel,0
pemetrexed,pemetrexed,0
pemetrexed,docetaxel,0
docetaxel,pemetrexed,0
docetaxel,docetaxel,0
pemetrexed,docetaxel,0
Tazobactam,piperacillin,1
rituximab,etoposide,1
rituximab,vincristine,1
rituximab,doxorubicin,1
rituximab,cyclophosphamide,1
rituximab,prednisone,1
etoposide,vincristine,1
etoposide,doxorubicin,1
etoposide,cyclophosphamide,1
etoposide,prednisone,1
vincristine,doxorubicin,1
vincristine,cyclophosphamide,1
vincristine,prednisone,1
doxorubicin,cyclophosphamide,1
doxorubicin,prednisone,1
cyclophosphamide,prednisone,1
ifosfamide,doxorubicin,1
pegfilgrastim,Filgrastim,1
Nilotinib,imatinib,0
dabrafenib,trametinib,1
gemcitabine,cisplatin,1
gemcitabine,paclitaxel,0
gemcitabine,cisplatin,0
gemcitabine,thermotherapy,1
cisplatin,paclitaxel,0
cisplatin,cisplatin,0
cisplatin,thermotherapy,1
paclitaxel,cisplatin,1
paclitaxel,thermotherapy,1
cisplatin,thermotherapy,1
ticagrelor,ticagrelor,0
ticagrelor,cangrelor,0
ticagrelor,cangrelor,1
carboplatin,paclitaxel,1
carboplatin,bevacizumab,1
paclitaxel,bevacizumab,1
Sipuleucel-T,cabazitaxel,1
Sipuleucel-T,abiraterone,1
Sipuleucel-T,enzalutamide,1
Sipuleucel-T,radium-223,1
cabazitaxel,abiraterone,1
cabazitaxel,enzalutamide,1
cabazitaxel,radium-223,1
abiraterone,enzalutamide,1
abiraterone,radium-223,1
enzalutamide,radium-223,1
paclitaxel,gemcitabine,1
cetuximab,bevacizumab,0
theophylline,sulfamethoxazole,0
Ciprofloxacin,fluconazole,1
Ciprofloxacin,amphotericin,1
fluconazole,amphotericin,1
panitumumab,irinotecan,1
vemurafenib,cobimetinib,1
vemurafenib,VEMUPLINT,1
cobimetinib,VEMUPLINT,1
tremelimumab,sunitinib,1
amoxicillin/clavulanate,amoxicillin,1
amoxicillin/clavulanate,amoxicillin,0
amoxicillin/clavulanate,cefuroxime,0
amoxicillin/clavulanate,ceftriaxone,0
amoxicillin,amoxicillin,0
amoxicillin,cefuroxime,0
amoxicillin,ceftriaxone,0
amoxicillin,cefuroxime,0
amoxicillin,ceftriaxone,0
cefuroxime,ceftriaxone,0
cefotaxime,ceftriaxone,0
erlotinib,gefitinib,0
pemetrexed,erlotinib,1
pemetrexed,erlotinib,0
pemetrexed,pemetrexed,0
erlotinib,erlotinib,0
erlotinib,pemetrexed,0
erlotinib,pemetrexed,0
doxorubicin,cyclophosphamide,1
doxorubicin,etoposide,1
doxorubicin,G-CSF,1
cyclophosphamide,etoposide,1
cyclophosphamide,G-CSF,1
etoposide,G-CSF,1
methotrexate,vinblastine,0
methotrexate,doxorubicin,0
methotrexate,cisplatin,0
methotrexate,gemcitabine,0
methotrexate,carboplatin,0
vinblastine,doxorubicin,0
vinblastine,cisplatin,0
vinblastine,gemcitabine,0
vinblastine,carboplatin,0
doxorubicin,cisplatin,0
doxorubicin,gemcitabine,0
doxorubicin,carboplatin,0
cisplatin,gemcitabine,0
cisplatin,carboplatin,0
gemcitabine,carboplatin,1
bupivacaine,ketorolac,1
carbenicillin,gentamicin,1
carbenicillin,latamoxef,0
gentamicin,latamoxef,0
lapatinib,trastuzumab,1
Troglitazone,Lovastatin,1
Fingolimod,lapatinib,1
Fingolimod,sorafenib,1
lapatinib,sorafenib,0
triptorelin,cetrorelix,0
mefloquine,halofantrine,0
mefloquine,metoprolol,0
halofantrine,metoprolol,0
capecitabine,oxaliplatin,0
capecitabine,cetuximab,0
oxaliplatin,cetuximab,0
moxifloxacin,moxifloxacin,0
moxifloxacin,dexamethasone,0
moxifloxacin,vancomycin,0
moxifloxacin,dexamethasone,1
moxifloxacin,vancomycin,0
dexamethasone,vancomycin,0
erythromycin,clarithromycin,0
erythromycin,azithromycin,0
erythromycin,rifampin,1
clarithromycin,azithromycin,0
clarithromycin,rifampin,1
azithromycin,rifampin,1
bortezomib,cytarabine,1
Artemether,artesunate,0
Artemether,praziquantel,0
artesunate,praziquantel,0
propranolol,timolol,0
propranolol,metoprolol,0
propranolol,atenolol,0
propranolol,labetalol,0
timolol,metoprolol,0
timolol,atenolol,0
timolol,labetalol,0
metoprolol,atenolol,0
metoprolol,labetalol,0
atenolol,labetalol,0
fenofibrate,lovastatin,1
Idasanutlin,cytarabine,1
fludarabine,cladribine,0
5-fluorouracil,oxaliplatin,1
5-fluorouracil,bevacizumab,1
oxaliplatin,bevacizumab,1
cisplatin,ondansetron,1
cisplatin,granisetron,1
ondansetron,granisetron,0
dexmedetomidine,epinephrine,0
